-- phpMyAdmin SQL Dump
-- version 4.8.0.1
-- https://www.phpmyadmin.net/
--
-- Host: localhost
-- Generation Time: Oct 29, 2018 at 08:07 AM
-- Server version: 5.7.22
-- PHP Version: 7.1.16

SET SQL_MODE = "NO_AUTO_VALUE_ON_ZERO";
SET AUTOCOMMIT = 0;
START TRANSACTION;
SET time_zone = "+00:00";


/*!40101 SET @OLD_CHARACTER_SET_CLIENT=@@CHARACTER_SET_CLIENT */;
/*!40101 SET @OLD_CHARACTER_SET_RESULTS=@@CHARACTER_SET_RESULTS */;
/*!40101 SET @OLD_COLLATION_CONNECTION=@@COLLATION_CONNECTION */;
/*!40101 SET NAMES utf8mb4 */;

--
-- Database: `chatter`
--
CREATE DATABASE IF NOT EXISTS `chatter` DEFAULT CHARACTER SET latin1 COLLATE latin1_swedish_ci;
USE `chatter`;

-- --------------------------------------------------------

--
-- Table structure for table `admin`
--

DROP TABLE IF EXISTS `admin`;
CREATE TABLE `admin` (
  `username` varchar(16) NOT NULL,
  `password` varchar(16) NOT NULL
) ENGINE=InnoDB DEFAULT CHARSET=latin1;

--
-- Dumping data for table `admin`
--

INSERT INTO `admin` (`username`, `password`) VALUES
('admin', 'admin');

-- --------------------------------------------------------

--
-- Table structure for table `categories`
--

DROP TABLE IF EXISTS `categories`;
CREATE TABLE `categories` (
  `category_id` int(11) NOT NULL,
  `category_name` varchar(64) NOT NULL,
  `category_status` int(11) NOT NULL,
  `category_pict` longtext NOT NULL
) ENGINE=InnoDB DEFAULT CHARSET=latin1;

--
-- Dumping data for table `categories`
--

INSERT INTO `categories` (`category_id`, `category_name`, `category_status`, `category_pict`) VALUES
(1, 'Prints', 1, ''),
(2, 'Postcards', 1, ''),
(3, 'Mugs', 1, ''),
(4, 'Greeting Cards', 1, ''),
(5, 'Notebooks', 1, ''),
(6, 'Framed Prints', 1, '');

-- --------------------------------------------------------

--
-- Table structure for table `detail_transaction`
--

DROP TABLE IF EXISTS `detail_transaction`;
CREATE TABLE `detail_transaction` (
  `Dtransaction_ID` varchar(5) NOT NULL,
  `Transaction_ID` varchar(5) NOT NULL,
  `Qty` int(11) NOT NULL,
  `Price` decimal(10,0) NOT NULL,
  `Subtotal` decimal(10,0) NOT NULL,
  `Dtrans_product_name` longtext NOT NULL
) ENGINE=InnoDB DEFAULT CHARSET=latin1;

-- --------------------------------------------------------

--
-- Table structure for table `image`
--

DROP TABLE IF EXISTS `image`;
CREATE TABLE `image` (
  `Image_ID` varchar(5) NOT NULL,
  `Product_ID` varchar(5) NOT NULL,
  `Image_url` longtext NOT NULL
) ENGINE=InnoDB DEFAULT CHARSET=latin1;

-- --------------------------------------------------------

--
-- Table structure for table `messages`
--

DROP TABLE IF EXISTS `messages`;
CREATE TABLE `messages` (
  `id` int(10) NOT NULL,
  `user_id` int(10) NOT NULL,
  `body` varchar(255) NOT NULL,
  `image_url` varchar(5000) NOT NULL,
  `created_at` datetime NOT NULL DEFAULT CURRENT_TIMESTAMP,
  `updated_at` datetime NOT NULL DEFAULT CURRENT_TIMESTAMP
) ENGINE=InnoDB DEFAULT CHARSET=latin1;

--
-- Dumping data for table `messages`
--

INSERT INTO `messages` (`id`, `user_id`, `body`, `image_url`, `created_at`, `updated_at`) VALUES
(1, 1, 'Visiting New York for the first time. Any suggestions on great places to visit?', '', '2016-07-01 01:00:00', '2018-10-17 04:09:16'),
(2, 1, 'Wow, the buildings are so big! ', '', '2016-07-05 01:00:00', '2018-10-17 04:09:16'),
(3, 1, 'So let me tell you what happened last night. I was just hanging out minding my own business and saw the Empire State Building.', '', '2016-07-12 00:00:00', '2018-10-17 04:09:16'),
(4, 1, 'So I decided to go see it. That\'s when the trouble started', '', '2016-07-12 01:00:00', '2018-10-17 04:09:16'),
(6, -1, 'hiweiowje', '', '2018-10-16 21:22:32', '2018-10-16 21:22:32'),
(7, -1, 'hiweiowje', '', '2018-10-16 21:30:07', '2018-10-16 21:30:07'),
(8, -1, 'hiweiowje', '', '2018-10-16 21:30:32', '2018-10-16 21:30:32'),
(9, -1, 'hiweiowje', '', '2018-10-16 21:33:53', '2018-10-16 21:33:53'),
(10, -1, 'hiweiowje', '', '2018-10-16 21:37:01', '2018-10-16 21:37:01'),
(11, -1, 'hiweiowje', '', '2018-10-16 21:40:28', '2018-10-16 21:40:28'),
(12, -1, 'hiweiowje', '', '2018-10-16 21:49:06', '2018-10-16 21:49:06'),
(13, -1, 'hiweiowje', '', '2018-10-16 21:49:19', '2018-10-16 21:49:19'),
(14, -1, 'hiweiowje', '', '2018-10-16 21:49:34', '2018-10-16 21:49:34'),
(15, -1, 'hiweiowje', '', '2018-10-16 21:49:44', '2018-10-16 21:49:44'),
(16, -1, 'hiweiowje', '', '2018-10-16 21:49:57', '2018-10-16 21:49:57'),
(17, -1, 'hiweiowje', '', '2018-10-16 21:50:04', '2018-10-16 21:50:04'),
(18, -1, 'hiweiowje', '', '2018-10-16 21:50:19', '2018-10-16 21:50:19'),
(19, -1, 'hiweiowje', '', '2018-10-16 21:51:14', '2018-10-16 21:51:14'),
(20, -1, 'hiweiowje', 'assets/images/instrumen.png', '2018-10-16 21:56:31', '2018-10-16 21:56:31'),
(21, -1, 'hiweiowje', 'assets/images/instrumen.png', '2018-10-16 21:58:36', '2018-10-16 21:58:36'),
(22, -1, 'hiweiowje', 'assets/images/instrumen.png', '2018-10-16 21:59:50', '2018-10-16 21:59:50'),
(23, -1, 'hiweiowje', 'assets/images/tes.jpg', '2018-10-16 22:12:59', '2018-10-16 22:12:59'),
(24, -1, 'hiweiowje', 'assets/images/tes.jpg', '2018-10-16 22:17:27', '2018-10-16 22:17:27'),
(25, -1, 'hiweiowje', 'assets/images/instrumen.png', '2018-10-17 02:12:31', '2018-10-17 02:12:31'),
(26, -1, 'hiweiowje', '', '2018-10-17 02:33:23', '2018-10-17 02:33:23'),
(27, -1, 'hiweiowje', '', '2018-10-17 10:46:07', '2018-10-17 10:46:07'),
(28, -1, 'hiweiowje', '', '2018-10-17 11:26:38', '2018-10-17 11:26:38');

-- --------------------------------------------------------

--
-- Table structure for table `products`
--

DROP TABLE IF EXISTS `products`;
CREATE TABLE `products` (
  `Product_ID` varchar(5) NOT NULL,
  `Category_ID` varchar(5) NOT NULL,
  `Product_name` varchar(200) NOT NULL,
  `Product_cover` longtext,
  `Additional_product_cover` longtext,
  `Product_insert_at` timestamp NOT NULL DEFAULT CURRENT_TIMESTAMP ON UPDATE CURRENT_TIMESTAMP,
  `Product_deleted_at` timestamp NOT NULL DEFAULT CURRENT_TIMESTAMP,
  `Product_description` varchar(200) DEFAULT NULL,
  `created_at` timestamp NOT NULL DEFAULT CURRENT_TIMESTAMP,
  `updated_at` timestamp NOT NULL DEFAULT CURRENT_TIMESTAMP
) ENGINE=InnoDB DEFAULT CHARSET=latin1;

--
-- Dumping data for table `products`
--

INSERT INTO `products` (`Product_ID`, `Category_ID`, `Product_name`, `Product_cover`, `Additional_product_cover`, `Product_insert_at`, `Product_deleted_at`, `Product_description`, `created_at`, `updated_at`) VALUES
('1', '5', 'Wine - Red, Antinori Santa', NULL, NULL, '2018-10-29 07:19:58', '2018-10-29 07:19:58', NULL, '2018-10-29 07:19:58', '2018-10-29 07:19:58'),
('10', '2', 'Sprite, Diet - 355ml', NULL, NULL, '2018-10-29 07:19:58', '2018-10-29 07:19:58', NULL, '2018-10-29 07:19:58', '2018-10-29 07:19:58'),
('100', '1', 'Chef Hat 20cm', NULL, NULL, '2018-10-29 07:19:58', '2018-10-29 07:19:58', NULL, '2018-10-29 07:19:58', '2018-10-29 07:19:58'),
('1000', '5', 'Wine - Sauvignon Blanc', NULL, NULL, '2018-10-29 07:19:58', '2018-10-29 07:19:58', NULL, '2018-10-29 07:19:58', '2018-10-29 07:19:58'),
('101', '1', 'Wine - Vovray Sec Domaine Huet', NULL, NULL, '2018-10-29 07:19:58', '2018-10-29 07:19:58', NULL, '2018-10-29 07:19:58', '2018-10-29 07:19:58'),
('102', '4', 'Wine - Fontanafredda Barolo', NULL, NULL, '2018-10-29 07:19:58', '2018-10-29 07:19:58', NULL, '2018-10-29 07:19:58', '2018-10-29 07:19:58'),
('103', '5', 'Energy - Boo - Koo', NULL, NULL, '2018-10-29 07:19:58', '2018-10-29 07:19:58', NULL, '2018-10-29 07:19:58', '2018-10-29 07:19:58'),
('104', '5', 'Artichokes - Knobless, White', NULL, NULL, '2018-10-29 07:19:58', '2018-10-29 07:19:58', NULL, '2018-10-29 07:19:58', '2018-10-29 07:19:58'),
('105', '4', 'Turkey - Whole, Fresh', NULL, NULL, '2018-10-29 07:19:58', '2018-10-29 07:19:58', NULL, '2018-10-29 07:19:58', '2018-10-29 07:19:58'),
('106', '2', 'Coffee Beans - Chocolate', NULL, NULL, '2018-10-29 07:19:58', '2018-10-29 07:19:58', NULL, '2018-10-29 07:19:58', '2018-10-29 07:19:58'),
('107', '2', 'Appetizer - Chicken Satay', NULL, NULL, '2018-10-29 07:19:58', '2018-10-29 07:19:58', NULL, '2018-10-29 07:19:58', '2018-10-29 07:19:58'),
('108', '2', 'Beef - Tongue, Cooked', NULL, NULL, '2018-10-29 07:19:58', '2018-10-29 07:19:58', NULL, '2018-10-29 07:19:58', '2018-10-29 07:19:58'),
('109', '5', 'Container - Hngd Cll Blk 7x7x3', NULL, NULL, '2018-10-29 07:19:58', '2018-10-29 07:19:58', NULL, '2018-10-29 07:19:58', '2018-10-29 07:19:58'),
('11', '2', 'Pork - Smoked Kassler', NULL, NULL, '2018-10-29 07:19:58', '2018-10-29 07:19:58', NULL, '2018-10-29 07:19:58', '2018-10-29 07:19:58'),
('110', '4', 'Plasticknivesblack', NULL, NULL, '2018-10-29 07:19:58', '2018-10-29 07:19:58', NULL, '2018-10-29 07:19:58', '2018-10-29 07:19:58'),
('111', '2', 'Scotch - Queen Anne', NULL, NULL, '2018-10-29 07:19:58', '2018-10-29 07:19:58', NULL, '2018-10-29 07:19:58', '2018-10-29 07:19:58'),
('112', '4', 'Garbag Bags - Black', NULL, NULL, '2018-10-29 07:19:58', '2018-10-29 07:19:58', NULL, '2018-10-29 07:19:58', '2018-10-29 07:19:58'),
('113', '1', 'Beer - Paulaner Hefeweisse', NULL, NULL, '2018-10-29 07:19:58', '2018-10-29 07:19:58', NULL, '2018-10-29 07:19:58', '2018-10-29 07:19:58'),
('114', '4', 'Beans - Fava, Canned', NULL, NULL, '2018-10-29 07:19:58', '2018-10-29 07:19:58', NULL, '2018-10-29 07:19:58', '2018-10-29 07:19:58'),
('115', '5', 'Lettuce - Iceberg', NULL, NULL, '2018-10-29 07:19:58', '2018-10-29 07:19:58', NULL, '2018-10-29 07:19:58', '2018-10-29 07:19:58'),
('116', '1', 'Scallops - In Shell', NULL, NULL, '2018-10-29 07:19:58', '2018-10-29 07:19:58', NULL, '2018-10-29 07:19:58', '2018-10-29 07:19:58'),
('117', '3', 'Table Cloth 62x120 Colour', NULL, NULL, '2018-10-29 07:19:58', '2018-10-29 07:19:58', NULL, '2018-10-29 07:19:58', '2018-10-29 07:19:58'),
('118', '5', 'Onions Granulated', NULL, NULL, '2018-10-29 07:19:58', '2018-10-29 07:19:58', NULL, '2018-10-29 07:19:58', '2018-10-29 07:19:58'),
('119', '5', 'Tomatoes - Plum, Canned', NULL, NULL, '2018-10-29 07:19:58', '2018-10-29 07:19:58', NULL, '2018-10-29 07:19:58', '2018-10-29 07:19:58'),
('12', '4', 'Pie Shells 10', NULL, NULL, '2018-10-29 07:19:58', '2018-10-29 07:19:58', NULL, '2018-10-29 07:19:58', '2018-10-29 07:19:58'),
('120', '1', 'Pail With Metal Handle 16l White', NULL, NULL, '2018-10-29 07:19:58', '2018-10-29 07:19:58', NULL, '2018-10-29 07:19:58', '2018-10-29 07:19:58'),
('121', '5', 'Bay Leaf', NULL, NULL, '2018-10-29 07:19:58', '2018-10-29 07:19:58', NULL, '2018-10-29 07:19:58', '2018-10-29 07:19:58'),
('122', '4', 'Pork - Ham Hocks - Smoked', NULL, NULL, '2018-10-29 07:19:58', '2018-10-29 07:19:58', NULL, '2018-10-29 07:19:58', '2018-10-29 07:19:58'),
('123', '3', 'Stock - Chicken, White', NULL, NULL, '2018-10-29 07:19:58', '2018-10-29 07:19:58', NULL, '2018-10-29 07:19:58', '2018-10-29 07:19:58'),
('124', '3', 'Soup - Campbells Chili Veg', NULL, NULL, '2018-10-29 07:19:58', '2018-10-29 07:19:58', NULL, '2018-10-29 07:19:58', '2018-10-29 07:19:58'),
('125', '2', 'Pizza Pizza Dough', NULL, NULL, '2018-10-29 07:19:58', '2018-10-29 07:19:58', NULL, '2018-10-29 07:19:58', '2018-10-29 07:19:58'),
('126', '3', 'Juice - Orange', NULL, NULL, '2018-10-29 07:19:58', '2018-10-29 07:19:58', NULL, '2018-10-29 07:19:58', '2018-10-29 07:19:58'),
('127', '5', 'Papadam', NULL, NULL, '2018-10-29 07:19:58', '2018-10-29 07:19:58', NULL, '2018-10-29 07:19:58', '2018-10-29 07:19:58'),
('128', '3', 'Water - Tonic', NULL, NULL, '2018-10-29 07:19:58', '2018-10-29 07:19:58', NULL, '2018-10-29 07:19:58', '2018-10-29 07:19:58'),
('129', '3', 'Filo Dough', NULL, NULL, '2018-10-29 07:19:58', '2018-10-29 07:19:58', NULL, '2018-10-29 07:19:58', '2018-10-29 07:19:58'),
('13', '2', 'Soup - Campbells', NULL, NULL, '2018-10-29 07:19:58', '2018-10-29 07:19:58', NULL, '2018-10-29 07:19:58', '2018-10-29 07:19:58'),
('130', '4', 'Bread - French Stick', NULL, NULL, '2018-10-29 07:19:58', '2018-10-29 07:19:58', NULL, '2018-10-29 07:19:58', '2018-10-29 07:19:58'),
('131', '1', 'Pasta - Lasagne, Fresh', NULL, NULL, '2018-10-29 07:19:58', '2018-10-29 07:19:58', NULL, '2018-10-29 07:19:58', '2018-10-29 07:19:58'),
('132', '1', 'Coffee - Beans, Whole', NULL, NULL, '2018-10-29 07:19:58', '2018-10-29 07:19:58', NULL, '2018-10-29 07:19:58', '2018-10-29 07:19:58'),
('133', '3', 'Chocolate - Pistoles, White', NULL, NULL, '2018-10-29 07:19:58', '2018-10-29 07:19:58', NULL, '2018-10-29 07:19:58', '2018-10-29 07:19:58'),
('134', '1', 'Bread - Rolls, Rye', NULL, NULL, '2018-10-29 07:19:58', '2018-10-29 07:19:58', NULL, '2018-10-29 07:19:58', '2018-10-29 07:19:58'),
('135', '2', 'Lentils - Green, Dry', NULL, NULL, '2018-10-29 07:19:58', '2018-10-29 07:19:58', NULL, '2018-10-29 07:19:58', '2018-10-29 07:19:58'),
('136', '3', 'Cheese - Gouda', NULL, NULL, '2018-10-29 07:19:58', '2018-10-29 07:19:58', NULL, '2018-10-29 07:19:58', '2018-10-29 07:19:58'),
('137', '2', 'Peas - Frozen', NULL, NULL, '2018-10-29 07:19:58', '2018-10-29 07:19:58', NULL, '2018-10-29 07:19:58', '2018-10-29 07:19:58'),
('138', '3', 'Pasta - Cannelloni, Sheets, Fresh', NULL, NULL, '2018-10-29 07:19:58', '2018-10-29 07:19:58', NULL, '2018-10-29 07:19:58', '2018-10-29 07:19:58'),
('139', '2', 'Cup - Translucent 7 Oz Clear', NULL, NULL, '2018-10-29 07:19:58', '2018-10-29 07:19:58', NULL, '2018-10-29 07:19:58', '2018-10-29 07:19:58'),
('14', '1', 'Puree - Blackcurrant', NULL, NULL, '2018-10-29 07:19:58', '2018-10-29 07:19:58', NULL, '2018-10-29 07:19:58', '2018-10-29 07:19:58'),
('140', '1', 'Rosemary - Primerba, Paste', NULL, NULL, '2018-10-29 07:19:58', '2018-10-29 07:19:58', NULL, '2018-10-29 07:19:58', '2018-10-29 07:19:58'),
('141', '1', 'Bacardi Limon', NULL, NULL, '2018-10-29 07:19:58', '2018-10-29 07:19:58', NULL, '2018-10-29 07:19:58', '2018-10-29 07:19:58'),
('142', '2', 'Bread - Rye', NULL, NULL, '2018-10-29 07:19:58', '2018-10-29 07:19:58', NULL, '2018-10-29 07:19:58', '2018-10-29 07:19:58'),
('143', '1', 'Gelatine Leaves - Bulk', NULL, NULL, '2018-10-29 07:19:58', '2018-10-29 07:19:58', NULL, '2018-10-29 07:19:58', '2018-10-29 07:19:58'),
('144', '4', 'Nut - Almond, Blanched, Ground', NULL, NULL, '2018-10-29 07:19:58', '2018-10-29 07:19:58', NULL, '2018-10-29 07:19:58', '2018-10-29 07:19:58'),
('145', '3', 'Brandy Apricot', NULL, NULL, '2018-10-29 07:19:58', '2018-10-29 07:19:58', NULL, '2018-10-29 07:19:58', '2018-10-29 07:19:58'),
('146', '4', 'Brocolinni - Gaylan, Chinese', NULL, NULL, '2018-10-29 07:19:58', '2018-10-29 07:19:58', NULL, '2018-10-29 07:19:58', '2018-10-29 07:19:58'),
('147', '2', 'Bread - Bagels, Plain', NULL, NULL, '2018-10-29 07:19:58', '2018-10-29 07:19:58', NULL, '2018-10-29 07:19:58', '2018-10-29 07:19:58'),
('148', '3', 'Bread - Roll, Calabrese', NULL, NULL, '2018-10-29 07:19:58', '2018-10-29 07:19:58', NULL, '2018-10-29 07:19:58', '2018-10-29 07:19:58'),
('149', '2', 'Pepper - Paprika, Hungarian', NULL, NULL, '2018-10-29 07:19:58', '2018-10-29 07:19:58', NULL, '2018-10-29 07:19:58', '2018-10-29 07:19:58'),
('15', '4', 'Lighter - Bbq', NULL, NULL, '2018-10-29 07:19:58', '2018-10-29 07:19:58', NULL, '2018-10-29 07:19:58', '2018-10-29 07:19:58'),
('150', '1', 'Nut - Pine Nuts, Whole', NULL, NULL, '2018-10-29 07:19:58', '2018-10-29 07:19:58', NULL, '2018-10-29 07:19:58', '2018-10-29 07:19:58'),
('151', '2', 'Eggplant Oriental', NULL, NULL, '2018-10-29 07:19:58', '2018-10-29 07:19:58', NULL, '2018-10-29 07:19:58', '2018-10-29 07:19:58'),
('152', '3', 'Cinnamon - Ground', NULL, NULL, '2018-10-29 07:19:58', '2018-10-29 07:19:58', NULL, '2018-10-29 07:19:58', '2018-10-29 07:19:58'),
('153', '4', 'Soup Campbells Split Pea And Ham', NULL, NULL, '2018-10-29 07:19:58', '2018-10-29 07:19:58', NULL, '2018-10-29 07:19:58', '2018-10-29 07:19:58'),
('154', '2', 'Pepper - Pablano', NULL, NULL, '2018-10-29 07:19:58', '2018-10-29 07:19:58', NULL, '2018-10-29 07:19:58', '2018-10-29 07:19:58'),
('155', '2', 'Gelatine Leaves - Envelopes', NULL, NULL, '2018-10-29 07:19:58', '2018-10-29 07:19:58', NULL, '2018-10-29 07:19:58', '2018-10-29 07:19:58'),
('156', '1', 'Wine - Beringer Founders Estate', NULL, NULL, '2018-10-29 07:19:58', '2018-10-29 07:19:58', NULL, '2018-10-29 07:19:58', '2018-10-29 07:19:58'),
('157', '2', 'Cherries - Bing, Canned', NULL, NULL, '2018-10-29 07:19:58', '2018-10-29 07:19:58', NULL, '2018-10-29 07:19:58', '2018-10-29 07:19:58'),
('158', '5', 'Rice - Aborio', NULL, NULL, '2018-10-29 07:19:58', '2018-10-29 07:19:58', NULL, '2018-10-29 07:19:58', '2018-10-29 07:19:58'),
('159', '5', 'Muffin - Mix - Strawberry Rhubarb', NULL, NULL, '2018-10-29 07:19:58', '2018-10-29 07:19:58', NULL, '2018-10-29 07:19:58', '2018-10-29 07:19:58'),
('16', '3', 'Lettuce - Boston Bib', NULL, NULL, '2018-10-29 07:19:58', '2018-10-29 07:19:58', NULL, '2018-10-29 07:19:58', '2018-10-29 07:19:58'),
('160', '4', 'Beef - Rib Roast, Capless', NULL, NULL, '2018-10-29 07:19:58', '2018-10-29 07:19:58', NULL, '2018-10-29 07:19:58', '2018-10-29 07:19:58'),
('161', '2', 'Apple - Macintosh', NULL, NULL, '2018-10-29 07:19:58', '2018-10-29 07:19:58', NULL, '2018-10-29 07:19:58', '2018-10-29 07:19:58'),
('162', '1', 'Pork - Caul Fat', NULL, NULL, '2018-10-29 07:19:58', '2018-10-29 07:19:58', NULL, '2018-10-29 07:19:58', '2018-10-29 07:19:58'),
('163', '2', 'Spring Roll Wrappers', NULL, NULL, '2018-10-29 07:19:58', '2018-10-29 07:19:58', NULL, '2018-10-29 07:19:58', '2018-10-29 07:19:58'),
('164', '4', 'Veal - Insides Provini', NULL, NULL, '2018-10-29 07:19:58', '2018-10-29 07:19:58', NULL, '2018-10-29 07:19:58', '2018-10-29 07:19:58'),
('165', '5', 'Crackers Cheez It', NULL, NULL, '2018-10-29 07:19:58', '2018-10-29 07:19:58', NULL, '2018-10-29 07:19:58', '2018-10-29 07:19:58'),
('166', '4', 'Wine - Sauvignon Blanc Oyster', NULL, NULL, '2018-10-29 07:19:58', '2018-10-29 07:19:58', NULL, '2018-10-29 07:19:58', '2018-10-29 07:19:58'),
('167', '5', 'Cod - Fillets', NULL, NULL, '2018-10-29 07:19:58', '2018-10-29 07:19:58', NULL, '2018-10-29 07:19:58', '2018-10-29 07:19:58'),
('168', '1', 'Port - 74 Brights', NULL, NULL, '2018-10-29 07:19:58', '2018-10-29 07:19:58', NULL, '2018-10-29 07:19:58', '2018-10-29 07:19:58'),
('169', '2', 'Syrup - Monin - Passion Fruit', NULL, NULL, '2018-10-29 07:19:58', '2018-10-29 07:19:58', NULL, '2018-10-29 07:19:58', '2018-10-29 07:19:58'),
('17', '1', 'Towels - Paper / Kraft', NULL, NULL, '2018-10-29 07:19:58', '2018-10-29 07:19:58', NULL, '2018-10-29 07:19:58', '2018-10-29 07:19:58'),
('170', '3', 'Cardamon Seed / Pod', NULL, NULL, '2018-10-29 07:19:58', '2018-10-29 07:19:58', NULL, '2018-10-29 07:19:58', '2018-10-29 07:19:58'),
('171', '5', 'Veal - Eye Of Round', NULL, NULL, '2018-10-29 07:19:58', '2018-10-29 07:19:58', NULL, '2018-10-29 07:19:58', '2018-10-29 07:19:58'),
('172', '5', 'Sword Pick Asst', NULL, NULL, '2018-10-29 07:19:58', '2018-10-29 07:19:58', NULL, '2018-10-29 07:19:58', '2018-10-29 07:19:58'),
('173', '5', 'Nut - Peanut, Roasted', NULL, NULL, '2018-10-29 07:19:58', '2018-10-29 07:19:58', NULL, '2018-10-29 07:19:58', '2018-10-29 07:19:58'),
('174', '2', 'Sour Puss Sour Apple', NULL, NULL, '2018-10-29 07:19:58', '2018-10-29 07:19:58', NULL, '2018-10-29 07:19:58', '2018-10-29 07:19:58'),
('175', '1', 'Devonshire Cream', NULL, NULL, '2018-10-29 07:19:58', '2018-10-29 07:19:58', NULL, '2018-10-29 07:19:58', '2018-10-29 07:19:58'),
('176', '4', 'Mustard Prepared', NULL, NULL, '2018-10-29 07:19:58', '2018-10-29 07:19:58', NULL, '2018-10-29 07:19:58', '2018-10-29 07:19:58'),
('177', '5', 'Nantuket Peach Orange', NULL, NULL, '2018-10-29 07:19:58', '2018-10-29 07:19:58', NULL, '2018-10-29 07:19:58', '2018-10-29 07:19:58'),
('178', '4', 'Langers - Mango Nectar', NULL, NULL, '2018-10-29 07:19:58', '2018-10-29 07:19:58', NULL, '2018-10-29 07:19:58', '2018-10-29 07:19:58'),
('179', '1', 'Milk - Chocolate 500ml', NULL, NULL, '2018-10-29 07:19:58', '2018-10-29 07:19:58', NULL, '2018-10-29 07:19:58', '2018-10-29 07:19:58'),
('18', '4', 'Bok Choy - Baby', NULL, NULL, '2018-10-29 07:19:58', '2018-10-29 07:19:58', NULL, '2018-10-29 07:19:58', '2018-10-29 07:19:58'),
('180', '3', 'Alize Sunset', NULL, NULL, '2018-10-29 07:19:58', '2018-10-29 07:19:58', NULL, '2018-10-29 07:19:58', '2018-10-29 07:19:58'),
('181', '2', 'Huck White Towels', NULL, NULL, '2018-10-29 07:19:58', '2018-10-29 07:19:58', NULL, '2018-10-29 07:19:58', '2018-10-29 07:19:58'),
('182', '2', 'Wine - Two Oceans Sauvignon', NULL, NULL, '2018-10-29 07:19:58', '2018-10-29 07:19:58', NULL, '2018-10-29 07:19:58', '2018-10-29 07:19:58'),
('183', '2', 'Appetizer - Mango Chevre', NULL, NULL, '2018-10-29 07:19:58', '2018-10-29 07:19:58', NULL, '2018-10-29 07:19:58', '2018-10-29 07:19:58'),
('184', '5', 'Cookie Dough - Oatmeal Rasin', NULL, NULL, '2018-10-29 07:19:58', '2018-10-29 07:19:58', NULL, '2018-10-29 07:19:58', '2018-10-29 07:19:58'),
('185', '2', 'Sprite, Diet - 355ml', NULL, NULL, '2018-10-29 07:19:58', '2018-10-29 07:19:58', NULL, '2018-10-29 07:19:58', '2018-10-29 07:19:58'),
('186', '5', 'Chicken - Thigh, Bone In', NULL, NULL, '2018-10-29 07:19:58', '2018-10-29 07:19:58', NULL, '2018-10-29 07:19:58', '2018-10-29 07:19:58'),
('187', '2', 'Eggplant Italian', NULL, NULL, '2018-10-29 07:19:58', '2018-10-29 07:19:58', NULL, '2018-10-29 07:19:58', '2018-10-29 07:19:58'),
('188', '3', 'Olive - Spread Tapenade', NULL, NULL, '2018-10-29 07:19:58', '2018-10-29 07:19:58', NULL, '2018-10-29 07:19:58', '2018-10-29 07:19:58'),
('189', '2', 'Dried Cranberries', NULL, NULL, '2018-10-29 07:19:58', '2018-10-29 07:19:58', NULL, '2018-10-29 07:19:58', '2018-10-29 07:19:58'),
('19', '5', 'Cleaner - Bleach', NULL, NULL, '2018-10-29 07:19:58', '2018-10-29 07:19:58', NULL, '2018-10-29 07:19:58', '2018-10-29 07:19:58'),
('190', '3', 'Bagel - Everything Presliced', NULL, NULL, '2018-10-29 07:19:58', '2018-10-29 07:19:58', NULL, '2018-10-29 07:19:58', '2018-10-29 07:19:58'),
('191', '1', 'Sprouts - Baby Pea Tendrils', NULL, NULL, '2018-10-29 07:19:58', '2018-10-29 07:19:58', NULL, '2018-10-29 07:19:58', '2018-10-29 07:19:58'),
('192', '1', 'Mushroom - Portebello', NULL, NULL, '2018-10-29 07:19:58', '2018-10-29 07:19:58', NULL, '2018-10-29 07:19:58', '2018-10-29 07:19:58'),
('193', '4', 'Steamers White', NULL, NULL, '2018-10-29 07:19:58', '2018-10-29 07:19:58', NULL, '2018-10-29 07:19:58', '2018-10-29 07:19:58'),
('194', '2', 'Chivas Regal - 12 Year Old', NULL, NULL, '2018-10-29 07:19:58', '2018-10-29 07:19:58', NULL, '2018-10-29 07:19:58', '2018-10-29 07:19:58'),
('195', '3', 'Peach - Fresh', NULL, NULL, '2018-10-29 07:19:58', '2018-10-29 07:19:58', NULL, '2018-10-29 07:19:58', '2018-10-29 07:19:58'),
('196', '3', 'Amarula Cream', NULL, NULL, '2018-10-29 07:19:58', '2018-10-29 07:19:58', NULL, '2018-10-29 07:19:58', '2018-10-29 07:19:58'),
('197', '4', 'Wine - Red, Black Opal Shiraz', NULL, NULL, '2018-10-29 07:19:58', '2018-10-29 07:19:58', NULL, '2018-10-29 07:19:58', '2018-10-29 07:19:58'),
('198', '5', 'Extract Vanilla Pure', NULL, NULL, '2018-10-29 07:19:58', '2018-10-29 07:19:58', NULL, '2018-10-29 07:19:58', '2018-10-29 07:19:58'),
('199', '3', 'Wine - Montecillo Rioja Crianza', NULL, NULL, '2018-10-29 07:19:58', '2018-10-29 07:19:58', NULL, '2018-10-29 07:19:58', '2018-10-29 07:19:58'),
('2', '5', 'Tumeric', NULL, NULL, '2018-10-29 07:19:58', '2018-10-29 07:19:58', NULL, '2018-10-29 07:19:58', '2018-10-29 07:19:58'),
('20', '2', 'Bar - Sweet And Salty Chocolate', NULL, NULL, '2018-10-29 07:19:58', '2018-10-29 07:19:58', NULL, '2018-10-29 07:19:58', '2018-10-29 07:19:58'),
('200', '3', 'Ham - Cooked Italian', NULL, NULL, '2018-10-29 07:19:58', '2018-10-29 07:19:58', NULL, '2018-10-29 07:19:58', '2018-10-29 07:19:58'),
('201', '5', 'Cheese - Comtomme', NULL, NULL, '2018-10-29 07:19:58', '2018-10-29 07:19:58', NULL, '2018-10-29 07:19:58', '2018-10-29 07:19:58'),
('202', '5', 'Foam Espresso Cup Plain White', NULL, NULL, '2018-10-29 07:19:58', '2018-10-29 07:19:58', NULL, '2018-10-29 07:19:58', '2018-10-29 07:19:58'),
('203', '1', 'Soup - Campbells Beef Noodle', NULL, NULL, '2018-10-29 07:19:58', '2018-10-29 07:19:58', NULL, '2018-10-29 07:19:58', '2018-10-29 07:19:58'),
('204', '3', 'Chocolate - Milk', NULL, NULL, '2018-10-29 07:19:58', '2018-10-29 07:19:58', NULL, '2018-10-29 07:19:58', '2018-10-29 07:19:58'),
('205', '4', 'Seedlings - Buckwheat, Organic', NULL, NULL, '2018-10-29 07:19:58', '2018-10-29 07:19:58', NULL, '2018-10-29 07:19:58', '2018-10-29 07:19:58'),
('206', '4', 'Muffin - Blueberry Individual', NULL, NULL, '2018-10-29 07:19:58', '2018-10-29 07:19:58', NULL, '2018-10-29 07:19:58', '2018-10-29 07:19:58'),
('207', '2', 'Myers Planters Punch', NULL, NULL, '2018-10-29 07:19:58', '2018-10-29 07:19:58', NULL, '2018-10-29 07:19:58', '2018-10-29 07:19:58'),
('208', '1', 'Puree - Raspberry', NULL, NULL, '2018-10-29 07:19:58', '2018-10-29 07:19:58', NULL, '2018-10-29 07:19:58', '2018-10-29 07:19:58'),
('209', '3', 'Lettuce - Mini Greens, Whole', NULL, NULL, '2018-10-29 07:19:58', '2018-10-29 07:19:58', NULL, '2018-10-29 07:19:58', '2018-10-29 07:19:58'),
('21', '5', 'Wine - Valpolicella Masi', NULL, NULL, '2018-10-29 07:19:58', '2018-10-29 07:19:58', NULL, '2018-10-29 07:19:58', '2018-10-29 07:19:58'),
('210', '1', 'Wine - Bourgogne 2002, La', NULL, NULL, '2018-10-29 07:19:58', '2018-10-29 07:19:58', NULL, '2018-10-29 07:19:58', '2018-10-29 07:19:58'),
('211', '4', 'Lychee', NULL, NULL, '2018-10-29 07:19:58', '2018-10-29 07:19:58', NULL, '2018-10-29 07:19:58', '2018-10-29 07:19:58'),
('212', '3', 'Pepper - Sorrano', NULL, NULL, '2018-10-29 07:19:58', '2018-10-29 07:19:58', NULL, '2018-10-29 07:19:58', '2018-10-29 07:19:58'),
('213', '5', 'Pastry - Butterscotch Baked', NULL, NULL, '2018-10-29 07:19:58', '2018-10-29 07:19:58', NULL, '2018-10-29 07:19:58', '2018-10-29 07:19:58'),
('214', '1', 'Crab - Claws, 26 - 30', NULL, NULL, '2018-10-29 07:19:58', '2018-10-29 07:19:58', NULL, '2018-10-29 07:19:58', '2018-10-29 07:19:58'),
('215', '4', 'Vinegar - Rice', NULL, NULL, '2018-10-29 07:19:58', '2018-10-29 07:19:58', NULL, '2018-10-29 07:19:58', '2018-10-29 07:19:58'),
('216', '3', 'Wine - Cabernet Sauvignon', NULL, NULL, '2018-10-29 07:19:58', '2018-10-29 07:19:58', NULL, '2018-10-29 07:19:58', '2018-10-29 07:19:58'),
('217', '4', 'Steampan - Half Size Shallow', NULL, NULL, '2018-10-29 07:19:58', '2018-10-29 07:19:58', NULL, '2018-10-29 07:19:58', '2018-10-29 07:19:58'),
('218', '4', 'Soup - Campbells Tomato Ravioli', NULL, NULL, '2018-10-29 07:19:58', '2018-10-29 07:19:58', NULL, '2018-10-29 07:19:58', '2018-10-29 07:19:58'),
('219', '3', 'Relish', NULL, NULL, '2018-10-29 07:19:58', '2018-10-29 07:19:58', NULL, '2018-10-29 07:19:58', '2018-10-29 07:19:58'),
('22', '3', 'Wine - Savigny - Les - Beaune', NULL, NULL, '2018-10-29 07:19:58', '2018-10-29 07:19:58', NULL, '2018-10-29 07:19:58', '2018-10-29 07:19:58'),
('220', '5', 'Calypso - Lemonade', NULL, NULL, '2018-10-29 07:19:58', '2018-10-29 07:19:58', NULL, '2018-10-29 07:19:58', '2018-10-29 07:19:58'),
('221', '4', 'Cake - Box Window 10x10x2.5', NULL, NULL, '2018-10-29 07:19:58', '2018-10-29 07:19:58', NULL, '2018-10-29 07:19:58', '2018-10-29 07:19:58'),
('222', '2', 'Oil - Shortening,liqud, Fry', NULL, NULL, '2018-10-29 07:19:58', '2018-10-29 07:19:58', NULL, '2018-10-29 07:19:58', '2018-10-29 07:19:58'),
('223', '2', 'Foam Dinner Plate', NULL, NULL, '2018-10-29 07:19:58', '2018-10-29 07:19:58', NULL, '2018-10-29 07:19:58', '2018-10-29 07:19:58'),
('224', '5', 'Sprouts - Bean', NULL, NULL, '2018-10-29 07:19:58', '2018-10-29 07:19:58', NULL, '2018-10-29 07:19:58', '2018-10-29 07:19:58'),
('225', '5', 'Flour Dark Rye', NULL, NULL, '2018-10-29 07:19:58', '2018-10-29 07:19:58', NULL, '2018-10-29 07:19:58', '2018-10-29 07:19:58'),
('226', '5', 'Jolt Cola - Electric Blue', NULL, NULL, '2018-10-29 07:19:58', '2018-10-29 07:19:58', NULL, '2018-10-29 07:19:58', '2018-10-29 07:19:58'),
('227', '4', 'Pate - Cognac', NULL, NULL, '2018-10-29 07:19:58', '2018-10-29 07:19:58', NULL, '2018-10-29 07:19:58', '2018-10-29 07:19:58'),
('228', '5', 'Tea Leaves - Oolong', NULL, NULL, '2018-10-29 07:19:58', '2018-10-29 07:19:58', NULL, '2018-10-29 07:19:58', '2018-10-29 07:19:58'),
('229', '4', 'Flower - Dish Garden', NULL, NULL, '2018-10-29 07:19:58', '2018-10-29 07:19:58', NULL, '2018-10-29 07:19:58', '2018-10-29 07:19:58'),
('23', '4', 'Chicken Thigh - Bone Out', NULL, NULL, '2018-10-29 07:19:58', '2018-10-29 07:19:58', NULL, '2018-10-29 07:19:58', '2018-10-29 07:19:58'),
('230', '3', 'Squash - Pattypan, Yellow', NULL, NULL, '2018-10-29 07:19:58', '2018-10-29 07:19:58', NULL, '2018-10-29 07:19:58', '2018-10-29 07:19:58'),
('231', '3', 'Bread - Raisin Walnut Pull', NULL, NULL, '2018-10-29 07:19:58', '2018-10-29 07:19:58', NULL, '2018-10-29 07:19:58', '2018-10-29 07:19:58'),
('232', '4', 'Cheese - Fontina', NULL, NULL, '2018-10-29 07:19:58', '2018-10-29 07:19:58', NULL, '2018-10-29 07:19:58', '2018-10-29 07:19:58'),
('233', '4', 'Wine - Barossa Valley Estate', NULL, NULL, '2018-10-29 07:19:58', '2018-10-29 07:19:58', NULL, '2018-10-29 07:19:58', '2018-10-29 07:19:58'),
('234', '5', 'Bread - Petit Baguette', NULL, NULL, '2018-10-29 07:19:58', '2018-10-29 07:19:58', NULL, '2018-10-29 07:19:58', '2018-10-29 07:19:58'),
('235', '1', 'Goldschalger', NULL, NULL, '2018-10-29 07:19:58', '2018-10-29 07:19:58', NULL, '2018-10-29 07:19:58', '2018-10-29 07:19:58'),
('236', '3', 'Pasta - Penne, Rigate, Dry', NULL, NULL, '2018-10-29 07:19:58', '2018-10-29 07:19:58', NULL, '2018-10-29 07:19:58', '2018-10-29 07:19:58'),
('237', '5', 'Wine - Chablis 2003 Champs', NULL, NULL, '2018-10-29 07:19:58', '2018-10-29 07:19:58', NULL, '2018-10-29 07:19:58', '2018-10-29 07:19:58'),
('238', '5', 'Capon - Breast, Double, Wing On', NULL, NULL, '2018-10-29 07:19:58', '2018-10-29 07:19:58', NULL, '2018-10-29 07:19:58', '2018-10-29 07:19:58'),
('239', '5', 'Plasticforkblack', NULL, NULL, '2018-10-29 07:19:58', '2018-10-29 07:19:58', NULL, '2018-10-29 07:19:58', '2018-10-29 07:19:58'),
('24', '2', 'Canada Dry', NULL, NULL, '2018-10-29 07:19:58', '2018-10-29 07:19:58', NULL, '2018-10-29 07:19:58', '2018-10-29 07:19:58'),
('240', '5', 'Hummus - Spread', NULL, NULL, '2018-10-29 07:19:58', '2018-10-29 07:19:58', NULL, '2018-10-29 07:19:58', '2018-10-29 07:19:58'),
('241', '5', 'Goldschalger', NULL, NULL, '2018-10-29 07:19:58', '2018-10-29 07:19:58', NULL, '2018-10-29 07:19:58', '2018-10-29 07:19:58'),
('242', '1', 'Momiji Oroshi Chili Sauce', NULL, NULL, '2018-10-29 07:19:58', '2018-10-29 07:19:58', NULL, '2018-10-29 07:19:58', '2018-10-29 07:19:58'),
('243', '5', 'Frangelico', NULL, NULL, '2018-10-29 07:19:58', '2018-10-29 07:19:58', NULL, '2018-10-29 07:19:58', '2018-10-29 07:19:58'),
('244', '4', 'Pepsi - 600ml', NULL, NULL, '2018-10-29 07:19:58', '2018-10-29 07:19:58', NULL, '2018-10-29 07:19:58', '2018-10-29 07:19:58'),
('245', '4', 'Sage Derby', NULL, NULL, '2018-10-29 07:19:58', '2018-10-29 07:19:58', NULL, '2018-10-29 07:19:58', '2018-10-29 07:19:58'),
('246', '2', 'Dried Figs', NULL, NULL, '2018-10-29 07:19:58', '2018-10-29 07:19:58', NULL, '2018-10-29 07:19:58', '2018-10-29 07:19:58'),
('247', '5', 'Cherries - Bing, Canned', NULL, NULL, '2018-10-29 07:19:58', '2018-10-29 07:19:58', NULL, '2018-10-29 07:19:58', '2018-10-29 07:19:58'),
('248', '3', 'Tea - Decaf 1 Cup', NULL, NULL, '2018-10-29 07:19:58', '2018-10-29 07:19:58', NULL, '2018-10-29 07:19:58', '2018-10-29 07:19:58'),
('249', '4', 'Vinegar - Balsamic', NULL, NULL, '2018-10-29 07:19:58', '2018-10-29 07:19:58', NULL, '2018-10-29 07:19:58', '2018-10-29 07:19:58'),
('25', '2', 'Clams - Canned', NULL, NULL, '2018-10-29 07:19:58', '2018-10-29 07:19:58', NULL, '2018-10-29 07:19:58', '2018-10-29 07:19:58'),
('250', '1', 'Chicken - Whole Fryers', NULL, NULL, '2018-10-29 07:19:58', '2018-10-29 07:19:58', NULL, '2018-10-29 07:19:58', '2018-10-29 07:19:58'),
('251', '5', 'Ham - Cooked', NULL, NULL, '2018-10-29 07:19:58', '2018-10-29 07:19:58', NULL, '2018-10-29 07:19:58', '2018-10-29 07:19:58'),
('252', '1', 'Veal - Knuckle', NULL, NULL, '2018-10-29 07:19:58', '2018-10-29 07:19:58', NULL, '2018-10-29 07:19:58', '2018-10-29 07:19:58'),
('253', '2', 'Sun - Dried Tomatoes', NULL, NULL, '2018-10-29 07:19:58', '2018-10-29 07:19:58', NULL, '2018-10-29 07:19:58', '2018-10-29 07:19:58'),
('254', '5', 'Tart - Pecan Butter Squares', NULL, NULL, '2018-10-29 07:19:58', '2018-10-29 07:19:58', NULL, '2018-10-29 07:19:58', '2018-10-29 07:19:58'),
('255', '5', 'Doilies - 12, Paper', NULL, NULL, '2018-10-29 07:19:58', '2018-10-29 07:19:58', NULL, '2018-10-29 07:19:58', '2018-10-29 07:19:58'),
('256', '1', 'Myers Planters Punch', NULL, NULL, '2018-10-29 07:19:58', '2018-10-29 07:19:58', NULL, '2018-10-29 07:19:58', '2018-10-29 07:19:58'),
('257', '2', 'Bread - Bagels, Plain', NULL, NULL, '2018-10-29 07:19:58', '2018-10-29 07:19:58', NULL, '2018-10-29 07:19:58', '2018-10-29 07:19:58'),
('258', '2', 'Water - Green Tea Refresher', NULL, NULL, '2018-10-29 07:19:58', '2018-10-29 07:19:58', NULL, '2018-10-29 07:19:58', '2018-10-29 07:19:58'),
('259', '4', 'Coffee Guatemala Dark', NULL, NULL, '2018-10-29 07:19:58', '2018-10-29 07:19:58', NULL, '2018-10-29 07:19:58', '2018-10-29 07:19:58'),
('26', '1', 'Wine - Vidal Icewine Magnotta', NULL, NULL, '2018-10-29 07:19:58', '2018-10-29 07:19:58', NULL, '2018-10-29 07:19:58', '2018-10-29 07:19:58'),
('260', '5', 'Gelatine Powder', NULL, NULL, '2018-10-29 07:19:58', '2018-10-29 07:19:58', NULL, '2018-10-29 07:19:58', '2018-10-29 07:19:58'),
('261', '1', 'Longan', NULL, NULL, '2018-10-29 07:19:58', '2018-10-29 07:19:58', NULL, '2018-10-29 07:19:58', '2018-10-29 07:19:58'),
('262', '1', 'Sauce - Soya, Light', NULL, NULL, '2018-10-29 07:19:58', '2018-10-29 07:19:58', NULL, '2018-10-29 07:19:58', '2018-10-29 07:19:58'),
('263', '2', 'Mustard - Pommery', NULL, NULL, '2018-10-29 07:19:58', '2018-10-29 07:19:58', NULL, '2018-10-29 07:19:58', '2018-10-29 07:19:58'),
('264', '2', 'Sprouts - China Rose', NULL, NULL, '2018-10-29 07:19:58', '2018-10-29 07:19:58', NULL, '2018-10-29 07:19:58', '2018-10-29 07:19:58'),
('265', '4', 'Rappini - Andy Boy', NULL, NULL, '2018-10-29 07:19:58', '2018-10-29 07:19:58', NULL, '2018-10-29 07:19:58', '2018-10-29 07:19:58'),
('266', '1', 'Corn - Cream, Canned', NULL, NULL, '2018-10-29 07:19:58', '2018-10-29 07:19:58', NULL, '2018-10-29 07:19:58', '2018-10-29 07:19:58'),
('267', '2', 'Pasta - Ravioli', NULL, NULL, '2018-10-29 07:19:58', '2018-10-29 07:19:58', NULL, '2018-10-29 07:19:58', '2018-10-29 07:19:58'),
('268', '5', 'Venison - Liver', NULL, NULL, '2018-10-29 07:19:58', '2018-10-29 07:19:58', NULL, '2018-10-29 07:19:58', '2018-10-29 07:19:58'),
('269', '4', 'Pastry - Carrot Muffin - Mini', NULL, NULL, '2018-10-29 07:19:58', '2018-10-29 07:19:58', NULL, '2018-10-29 07:19:58', '2018-10-29 07:19:58'),
('27', '5', 'Chocolate Bar - Coffee Crisp', NULL, NULL, '2018-10-29 07:19:58', '2018-10-29 07:19:58', NULL, '2018-10-29 07:19:58', '2018-10-29 07:19:58'),
('270', '2', 'Apron', NULL, NULL, '2018-10-29 07:19:58', '2018-10-29 07:19:58', NULL, '2018-10-29 07:19:58', '2018-10-29 07:19:58'),
('271', '3', 'Beef - Prime Rib Aaa', NULL, NULL, '2018-10-29 07:19:58', '2018-10-29 07:19:58', NULL, '2018-10-29 07:19:58', '2018-10-29 07:19:58'),
('272', '5', 'Cream - 10%', NULL, NULL, '2018-10-29 07:19:58', '2018-10-29 07:19:58', NULL, '2018-10-29 07:19:58', '2018-10-29 07:19:58'),
('273', '1', 'Dill - Primerba, Paste', NULL, NULL, '2018-10-29 07:19:58', '2018-10-29 07:19:58', NULL, '2018-10-29 07:19:58', '2018-10-29 07:19:58'),
('274', '3', 'Lamb - Whole, Fresh', NULL, NULL, '2018-10-29 07:19:58', '2018-10-29 07:19:58', NULL, '2018-10-29 07:19:58', '2018-10-29 07:19:58'),
('275', '5', 'Wine - Alsace Gewurztraminer', NULL, NULL, '2018-10-29 07:19:58', '2018-10-29 07:19:58', NULL, '2018-10-29 07:19:58', '2018-10-29 07:19:58'),
('276', '1', 'Cheese - Victor Et Berthold', NULL, NULL, '2018-10-29 07:19:58', '2018-10-29 07:19:58', NULL, '2018-10-29 07:19:58', '2018-10-29 07:19:58'),
('277', '2', 'Petit Baguette', NULL, NULL, '2018-10-29 07:19:58', '2018-10-29 07:19:58', NULL, '2018-10-29 07:19:58', '2018-10-29 07:19:58'),
('278', '5', 'Potatoes - Idaho 80 Count', NULL, NULL, '2018-10-29 07:19:58', '2018-10-29 07:19:58', NULL, '2018-10-29 07:19:58', '2018-10-29 07:19:58'),
('279', '2', 'Cake - Sheet Strawberry', NULL, NULL, '2018-10-29 07:19:58', '2018-10-29 07:19:58', NULL, '2018-10-29 07:19:58', '2018-10-29 07:19:58'),
('28', '3', 'Wine - Zinfandel Rosenblum', NULL, NULL, '2018-10-29 07:19:58', '2018-10-29 07:19:58', NULL, '2018-10-29 07:19:58', '2018-10-29 07:19:58'),
('280', '4', 'Coffee Cup 16oz Foam', NULL, NULL, '2018-10-29 07:19:58', '2018-10-29 07:19:58', NULL, '2018-10-29 07:19:58', '2018-10-29 07:19:58'),
('281', '4', 'Wine - Chateauneuf Du Pape', NULL, NULL, '2018-10-29 07:19:58', '2018-10-29 07:19:58', NULL, '2018-10-29 07:19:58', '2018-10-29 07:19:58'),
('282', '2', 'Artichokes - Knobless, White', NULL, NULL, '2018-10-29 07:19:58', '2018-10-29 07:19:58', NULL, '2018-10-29 07:19:58', '2018-10-29 07:19:58'),
('283', '4', 'Otomegusa Dashi Konbu', NULL, NULL, '2018-10-29 07:19:58', '2018-10-29 07:19:58', NULL, '2018-10-29 07:19:58', '2018-10-29 07:19:58'),
('284', '5', 'Pork - Loin, Center Cut', NULL, NULL, '2018-10-29 07:19:58', '2018-10-29 07:19:58', NULL, '2018-10-29 07:19:58', '2018-10-29 07:19:58'),
('285', '4', 'Persimmons', NULL, NULL, '2018-10-29 07:19:58', '2018-10-29 07:19:58', NULL, '2018-10-29 07:19:58', '2018-10-29 07:19:58'),
('286', '2', 'Bread Base - Goodhearth', NULL, NULL, '2018-10-29 07:19:58', '2018-10-29 07:19:58', NULL, '2018-10-29 07:19:58', '2018-10-29 07:19:58'),
('287', '1', 'Nantucket Cranberry Juice', NULL, NULL, '2018-10-29 07:19:58', '2018-10-29 07:19:58', NULL, '2018-10-29 07:19:58', '2018-10-29 07:19:58'),
('288', '4', 'Veal - Osso Bucco', NULL, NULL, '2018-10-29 07:19:58', '2018-10-29 07:19:58', NULL, '2018-10-29 07:19:58', '2018-10-29 07:19:58'),
('289', '2', 'Milk - Chocolate 250 Ml', NULL, NULL, '2018-10-29 07:19:58', '2018-10-29 07:19:58', NULL, '2018-10-29 07:19:58', '2018-10-29 07:19:58'),
('29', '5', 'Chinese Foods - Cantonese', NULL, NULL, '2018-10-29 07:19:58', '2018-10-29 07:19:58', NULL, '2018-10-29 07:19:58', '2018-10-29 07:19:58'),
('290', '1', 'Sobe - Lizard Fuel', NULL, NULL, '2018-10-29 07:19:58', '2018-10-29 07:19:58', NULL, '2018-10-29 07:19:58', '2018-10-29 07:19:58'),
('291', '4', 'Sugar - Invert', NULL, NULL, '2018-10-29 07:19:58', '2018-10-29 07:19:58', NULL, '2018-10-29 07:19:58', '2018-10-29 07:19:58'),
('292', '4', 'Trout - Hot Smkd, Dbl Fillet', NULL, NULL, '2018-10-29 07:19:58', '2018-10-29 07:19:58', NULL, '2018-10-29 07:19:58', '2018-10-29 07:19:58'),
('293', '4', 'Wine - Riesling Alsace Ac 2001', NULL, NULL, '2018-10-29 07:19:58', '2018-10-29 07:19:58', NULL, '2018-10-29 07:19:58', '2018-10-29 07:19:58'),
('294', '5', 'Cheese - Cheddar, Mild', NULL, NULL, '2018-10-29 07:19:58', '2018-10-29 07:19:58', NULL, '2018-10-29 07:19:58', '2018-10-29 07:19:58'),
('295', '3', 'Isomalt', NULL, NULL, '2018-10-29 07:19:58', '2018-10-29 07:19:58', NULL, '2018-10-29 07:19:58', '2018-10-29 07:19:58'),
('296', '3', 'Shark - Loin', NULL, NULL, '2018-10-29 07:19:58', '2018-10-29 07:19:58', NULL, '2018-10-29 07:19:58', '2018-10-29 07:19:58'),
('297', '3', 'Cinnamon - Stick', NULL, NULL, '2018-10-29 07:19:58', '2018-10-29 07:19:58', NULL, '2018-10-29 07:19:58', '2018-10-29 07:19:58'),
('298', '4', 'Appetizer - Mushroom Tart', NULL, NULL, '2018-10-29 07:19:58', '2018-10-29 07:19:58', NULL, '2018-10-29 07:19:58', '2018-10-29 07:19:58'),
('299', '1', 'Beef - Tenderloin', NULL, NULL, '2018-10-29 07:19:58', '2018-10-29 07:19:58', NULL, '2018-10-29 07:19:58', '2018-10-29 07:19:58'),
('3', '1', 'Lettuce - Radicchio', NULL, NULL, '2018-10-29 07:19:58', '2018-10-29 07:19:58', NULL, '2018-10-29 07:19:58', '2018-10-29 07:19:58'),
('30', '5', 'Cake - Box Window 10x10x2.5', NULL, NULL, '2018-10-29 07:19:58', '2018-10-29 07:19:58', NULL, '2018-10-29 07:19:58', '2018-10-29 07:19:58'),
('300', '1', 'Duck - Legs', NULL, NULL, '2018-10-29 07:19:58', '2018-10-29 07:19:58', NULL, '2018-10-29 07:19:58', '2018-10-29 07:19:58'),
('301', '4', 'Pie Filling - Apple', NULL, NULL, '2018-10-29 07:19:58', '2018-10-29 07:19:58', NULL, '2018-10-29 07:19:58', '2018-10-29 07:19:58'),
('302', '4', 'Pate - Liver', NULL, NULL, '2018-10-29 07:19:58', '2018-10-29 07:19:58', NULL, '2018-10-29 07:19:58', '2018-10-29 07:19:58'),
('303', '3', 'Absolut Citron', NULL, NULL, '2018-10-29 07:19:58', '2018-10-29 07:19:58', NULL, '2018-10-29 07:19:58', '2018-10-29 07:19:58'),
('304', '5', 'Savory', NULL, NULL, '2018-10-29 07:19:58', '2018-10-29 07:19:58', NULL, '2018-10-29 07:19:58', '2018-10-29 07:19:58'),
('305', '4', 'Coffee - Espresso', NULL, NULL, '2018-10-29 07:19:58', '2018-10-29 07:19:58', NULL, '2018-10-29 07:19:58', '2018-10-29 07:19:58'),
('306', '5', 'Papadam', NULL, NULL, '2018-10-29 07:19:58', '2018-10-29 07:19:58', NULL, '2018-10-29 07:19:58', '2018-10-29 07:19:58'),
('307', '4', 'Halibut - Steaks', NULL, NULL, '2018-10-29 07:19:58', '2018-10-29 07:19:58', NULL, '2018-10-29 07:19:58', '2018-10-29 07:19:58'),
('308', '1', 'Chutney Sauce', NULL, NULL, '2018-10-29 07:19:58', '2018-10-29 07:19:58', NULL, '2018-10-29 07:19:58', '2018-10-29 07:19:58'),
('309', '5', 'Wine - Blue Nun Qualitatswein', NULL, NULL, '2018-10-29 07:19:58', '2018-10-29 07:19:58', NULL, '2018-10-29 07:19:58', '2018-10-29 07:19:58'),
('31', '5', 'Yogurt - French Vanilla', NULL, NULL, '2018-10-29 07:19:58', '2018-10-29 07:19:58', NULL, '2018-10-29 07:19:58', '2018-10-29 07:19:58'),
('310', '5', 'Wiberg Cure', NULL, NULL, '2018-10-29 07:19:58', '2018-10-29 07:19:58', NULL, '2018-10-29 07:19:58', '2018-10-29 07:19:58'),
('311', '1', 'Bread - Wheat Baguette', NULL, NULL, '2018-10-29 07:19:58', '2018-10-29 07:19:58', NULL, '2018-10-29 07:19:58', '2018-10-29 07:19:58'),
('312', '1', 'Glass Clear 7 Oz Xl', NULL, NULL, '2018-10-29 07:19:58', '2018-10-29 07:19:58', NULL, '2018-10-29 07:19:58', '2018-10-29 07:19:58'),
('313', '4', 'Garbage Bags - Clear', NULL, NULL, '2018-10-29 07:19:58', '2018-10-29 07:19:58', NULL, '2018-10-29 07:19:58', '2018-10-29 07:19:58'),
('314', '1', 'Banana - Leaves', NULL, NULL, '2018-10-29 07:19:58', '2018-10-29 07:19:58', NULL, '2018-10-29 07:19:58', '2018-10-29 07:19:58'),
('315', '5', 'Flour - Bran, Red', NULL, NULL, '2018-10-29 07:19:58', '2018-10-29 07:19:58', NULL, '2018-10-29 07:19:58', '2018-10-29 07:19:58'),
('316', '1', 'Lid Tray - 16in Dome', NULL, NULL, '2018-10-29 07:19:58', '2018-10-29 07:19:58', NULL, '2018-10-29 07:19:58', '2018-10-29 07:19:58'),
('317', '5', 'Coffee Beans - Chocolate', NULL, NULL, '2018-10-29 07:19:58', '2018-10-29 07:19:58', NULL, '2018-10-29 07:19:58', '2018-10-29 07:19:58'),
('318', '4', 'Juice - Orange, Concentrate', NULL, NULL, '2018-10-29 07:19:58', '2018-10-29 07:19:58', NULL, '2018-10-29 07:19:58', '2018-10-29 07:19:58'),
('319', '2', 'Cheese - Brie Roitelet', NULL, NULL, '2018-10-29 07:19:58', '2018-10-29 07:19:58', NULL, '2018-10-29 07:19:58', '2018-10-29 07:19:58'),
('32', '5', 'Wine - Red, Cabernet Sauvignon', NULL, NULL, '2018-10-29 07:19:58', '2018-10-29 07:19:58', NULL, '2018-10-29 07:19:58', '2018-10-29 07:19:58'),
('320', '1', 'Coke - Diet, 355 Ml', NULL, NULL, '2018-10-29 07:19:58', '2018-10-29 07:19:58', NULL, '2018-10-29 07:19:58', '2018-10-29 07:19:58'),
('321', '1', 'Island Oasis - Mango Daiquiri', NULL, NULL, '2018-10-29 07:19:58', '2018-10-29 07:19:58', NULL, '2018-10-29 07:19:58', '2018-10-29 07:19:58'),
('322', '1', 'Syrup - Monin - Granny Smith', NULL, NULL, '2018-10-29 07:19:58', '2018-10-29 07:19:58', NULL, '2018-10-29 07:19:58', '2018-10-29 07:19:58'),
('323', '4', 'Beef - Ox Tongue, Pickled', NULL, NULL, '2018-10-29 07:19:58', '2018-10-29 07:19:58', NULL, '2018-10-29 07:19:58', '2018-10-29 07:19:58'),
('324', '4', 'Mcguinness - Blue Curacao', NULL, NULL, '2018-10-29 07:19:58', '2018-10-29 07:19:58', NULL, '2018-10-29 07:19:58', '2018-10-29 07:19:58'),
('325', '2', 'Spring Roll Wrappers', NULL, NULL, '2018-10-29 07:19:58', '2018-10-29 07:19:58', NULL, '2018-10-29 07:19:58', '2018-10-29 07:19:58'),
('326', '3', 'Bowl 12 Oz - Showcase 92012', NULL, NULL, '2018-10-29 07:19:58', '2018-10-29 07:19:58', NULL, '2018-10-29 07:19:58', '2018-10-29 07:19:58'),
('327', '2', 'Cheese - Camembert', NULL, NULL, '2018-10-29 07:19:58', '2018-10-29 07:19:58', NULL, '2018-10-29 07:19:58', '2018-10-29 07:19:58'),
('328', '1', 'Vermouth - Sweet, Cinzano', NULL, NULL, '2018-10-29 07:19:58', '2018-10-29 07:19:58', NULL, '2018-10-29 07:19:58', '2018-10-29 07:19:58'),
('329', '2', 'Flavouring - Rum', NULL, NULL, '2018-10-29 07:19:58', '2018-10-29 07:19:58', NULL, '2018-10-29 07:19:58', '2018-10-29 07:19:58'),
('33', '2', 'Pernod', NULL, NULL, '2018-10-29 07:19:58', '2018-10-29 07:19:58', NULL, '2018-10-29 07:19:58', '2018-10-29 07:19:58'),
('330', '2', 'Iced Tea - Lemon, 460 Ml', NULL, NULL, '2018-10-29 07:19:58', '2018-10-29 07:19:58', NULL, '2018-10-29 07:19:58', '2018-10-29 07:19:58'),
('331', '2', 'Muffin - Mix - Bran And Maple 15l', NULL, NULL, '2018-10-29 07:19:58', '2018-10-29 07:19:58', NULL, '2018-10-29 07:19:58', '2018-10-29 07:19:58'),
('332', '2', 'Wine - Fino Tio Pepe Gonzalez', NULL, NULL, '2018-10-29 07:19:58', '2018-10-29 07:19:58', NULL, '2018-10-29 07:19:58', '2018-10-29 07:19:58'),
('333', '3', 'Wine - Taylors Reserve', NULL, NULL, '2018-10-29 07:19:58', '2018-10-29 07:19:58', NULL, '2018-10-29 07:19:58', '2018-10-29 07:19:58'),
('334', '5', 'Wine - Carmenere Casillero Del', NULL, NULL, '2018-10-29 07:19:58', '2018-10-29 07:19:58', NULL, '2018-10-29 07:19:58', '2018-10-29 07:19:58'),
('335', '1', 'Wine - Jackson Triggs Okonagan', NULL, NULL, '2018-10-29 07:19:58', '2018-10-29 07:19:58', NULL, '2018-10-29 07:19:58', '2018-10-29 07:19:58'),
('336', '4', 'Icecream - Dibs', NULL, NULL, '2018-10-29 07:19:58', '2018-10-29 07:19:58', NULL, '2018-10-29 07:19:58', '2018-10-29 07:19:58'),
('337', '3', 'Cheese Cheddar Processed', NULL, NULL, '2018-10-29 07:19:58', '2018-10-29 07:19:58', NULL, '2018-10-29 07:19:58', '2018-10-29 07:19:58'),
('338', '1', 'Wine - Chianti Classica Docg', NULL, NULL, '2018-10-29 07:19:58', '2018-10-29 07:19:58', NULL, '2018-10-29 07:19:58', '2018-10-29 07:19:58'),
('339', '5', 'Salmon - Sockeye Raw', NULL, NULL, '2018-10-29 07:19:58', '2018-10-29 07:19:58', NULL, '2018-10-29 07:19:58', '2018-10-29 07:19:58'),
('34', '1', 'Snapple - Mango Maddness', NULL, NULL, '2018-10-29 07:19:58', '2018-10-29 07:19:58', NULL, '2018-10-29 07:19:58', '2018-10-29 07:19:58'),
('340', '4', 'Lamb - Whole Head Off,nz', NULL, NULL, '2018-10-29 07:19:58', '2018-10-29 07:19:58', NULL, '2018-10-29 07:19:58', '2018-10-29 07:19:58'),
('341', '3', 'Cheese - Roquefort Pappillon', NULL, NULL, '2018-10-29 07:19:58', '2018-10-29 07:19:58', NULL, '2018-10-29 07:19:58', '2018-10-29 07:19:58'),
('342', '5', 'Syrup - Chocolate', NULL, NULL, '2018-10-29 07:19:58', '2018-10-29 07:19:58', NULL, '2018-10-29 07:19:58', '2018-10-29 07:19:58'),
('343', '1', 'Strawberries', NULL, NULL, '2018-10-29 07:19:58', '2018-10-29 07:19:58', NULL, '2018-10-29 07:19:58', '2018-10-29 07:19:58'),
('344', '2', 'Lime Cordial - Roses', NULL, NULL, '2018-10-29 07:19:58', '2018-10-29 07:19:58', NULL, '2018-10-29 07:19:58', '2018-10-29 07:19:58'),
('345', '1', 'Wine - White, Cooking', NULL, NULL, '2018-10-29 07:19:58', '2018-10-29 07:19:58', NULL, '2018-10-29 07:19:58', '2018-10-29 07:19:58'),
('346', '4', 'Soup - Knorr, Chicken Noodle', NULL, NULL, '2018-10-29 07:19:58', '2018-10-29 07:19:58', NULL, '2018-10-29 07:19:58', '2018-10-29 07:19:58'),
('347', '5', 'Stock - Chicken, White', NULL, NULL, '2018-10-29 07:19:58', '2018-10-29 07:19:58', NULL, '2018-10-29 07:19:58', '2018-10-29 07:19:58'),
('348', '2', 'Sauce - Bernaise, Mix', NULL, NULL, '2018-10-29 07:19:58', '2018-10-29 07:19:58', NULL, '2018-10-29 07:19:58', '2018-10-29 07:19:58'),
('349', '5', 'Butter - Salted', NULL, NULL, '2018-10-29 07:19:58', '2018-10-29 07:19:58', NULL, '2018-10-29 07:19:58', '2018-10-29 07:19:58'),
('35', '4', 'Tomatoes - Hot House', NULL, NULL, '2018-10-29 07:19:58', '2018-10-29 07:19:58', NULL, '2018-10-29 07:19:58', '2018-10-29 07:19:58'),
('350', '2', 'Appetizer - Seafood Assortment', NULL, NULL, '2018-10-29 07:19:58', '2018-10-29 07:19:58', NULL, '2018-10-29 07:19:58', '2018-10-29 07:19:58'),
('351', '3', 'Muffin Orange Individual', NULL, NULL, '2018-10-29 07:19:58', '2018-10-29 07:19:58', NULL, '2018-10-29 07:19:58', '2018-10-29 07:19:58'),
('352', '4', 'Bread Crumbs - Panko', NULL, NULL, '2018-10-29 07:19:58', '2018-10-29 07:19:58', NULL, '2018-10-29 07:19:58', '2018-10-29 07:19:58'),
('353', '3', 'Pepper - Black, Whole', NULL, NULL, '2018-10-29 07:19:58', '2018-10-29 07:19:58', NULL, '2018-10-29 07:19:58', '2018-10-29 07:19:58'),
('354', '4', 'Muffin Mix - Blueberry', NULL, NULL, '2018-10-29 07:19:58', '2018-10-29 07:19:58', NULL, '2018-10-29 07:19:58', '2018-10-29 07:19:58'),
('355', '3', 'Container Clear 8 Oz', NULL, NULL, '2018-10-29 07:19:58', '2018-10-29 07:19:58', NULL, '2018-10-29 07:19:58', '2018-10-29 07:19:58'),
('356', '4', 'Beans - Black Bean, Canned', NULL, NULL, '2018-10-29 07:19:58', '2018-10-29 07:19:58', NULL, '2018-10-29 07:19:58', '2018-10-29 07:19:58'),
('357', '4', 'Juice - V8 Splash', NULL, NULL, '2018-10-29 07:19:58', '2018-10-29 07:19:58', NULL, '2018-10-29 07:19:58', '2018-10-29 07:19:58'),
('358', '2', 'Yeast Dry - Fleischman', NULL, NULL, '2018-10-29 07:19:58', '2018-10-29 07:19:58', NULL, '2018-10-29 07:19:58', '2018-10-29 07:19:58'),
('359', '2', 'Chinese Lemon Pork', NULL, NULL, '2018-10-29 07:19:58', '2018-10-29 07:19:58', NULL, '2018-10-29 07:19:58', '2018-10-29 07:19:58'),
('36', '4', 'Beef - Tenderloin Tails', NULL, NULL, '2018-10-29 07:19:58', '2018-10-29 07:19:58', NULL, '2018-10-29 07:19:58', '2018-10-29 07:19:58'),
('360', '2', 'Peach - Halves', NULL, NULL, '2018-10-29 07:19:58', '2018-10-29 07:19:58', NULL, '2018-10-29 07:19:58', '2018-10-29 07:19:58'),
('361', '1', 'Potatoes - Parissienne', NULL, NULL, '2018-10-29 07:19:58', '2018-10-29 07:19:58', NULL, '2018-10-29 07:19:58', '2018-10-29 07:19:58'),
('362', '4', 'Oven Mitts - 15 Inch', NULL, NULL, '2018-10-29 07:19:58', '2018-10-29 07:19:58', NULL, '2018-10-29 07:19:58', '2018-10-29 07:19:58'),
('363', '2', 'Juice - Orange', NULL, NULL, '2018-10-29 07:19:58', '2018-10-29 07:19:58', NULL, '2018-10-29 07:19:58', '2018-10-29 07:19:58'),
('364', '1', 'Pasta - Orecchiette', NULL, NULL, '2018-10-29 07:19:58', '2018-10-29 07:19:58', NULL, '2018-10-29 07:19:58', '2018-10-29 07:19:58'),
('365', '3', 'Wine - Crozes Hermitage E.', NULL, NULL, '2018-10-29 07:19:58', '2018-10-29 07:19:58', NULL, '2018-10-29 07:19:58', '2018-10-29 07:19:58'),
('366', '5', 'Wine - Chianti Classico Riserva', NULL, NULL, '2018-10-29 07:19:58', '2018-10-29 07:19:58', NULL, '2018-10-29 07:19:58', '2018-10-29 07:19:58'),
('367', '4', 'Celery', NULL, NULL, '2018-10-29 07:19:58', '2018-10-29 07:19:58', NULL, '2018-10-29 07:19:58', '2018-10-29 07:19:58'),
('368', '3', 'Wine - Rosso Toscano Igt', NULL, NULL, '2018-10-29 07:19:58', '2018-10-29 07:19:58', NULL, '2018-10-29 07:19:58', '2018-10-29 07:19:58'),
('369', '2', 'Apple - Delicious, Red', NULL, NULL, '2018-10-29 07:19:58', '2018-10-29 07:19:58', NULL, '2018-10-29 07:19:58', '2018-10-29 07:19:58'),
('37', '1', 'Latex Rubber Gloves Size 9', NULL, NULL, '2018-10-29 07:19:58', '2018-10-29 07:19:58', NULL, '2018-10-29 07:19:58', '2018-10-29 07:19:58'),
('370', '3', 'Appetizer - Lobster Phyllo Roll', NULL, NULL, '2018-10-29 07:19:58', '2018-10-29 07:19:58', NULL, '2018-10-29 07:19:58', '2018-10-29 07:19:58'),
('371', '5', 'Kahlua', NULL, NULL, '2018-10-29 07:19:58', '2018-10-29 07:19:58', NULL, '2018-10-29 07:19:58', '2018-10-29 07:19:58'),
('372', '4', 'Bacardi Breezer - Tropical', NULL, NULL, '2018-10-29 07:19:58', '2018-10-29 07:19:58', NULL, '2018-10-29 07:19:58', '2018-10-29 07:19:58'),
('373', '1', 'Wine - Chateauneuf Du Pape', NULL, NULL, '2018-10-29 07:19:58', '2018-10-29 07:19:58', NULL, '2018-10-29 07:19:58', '2018-10-29 07:19:58'),
('374', '5', 'Creme De Menth - White', NULL, NULL, '2018-10-29 07:19:58', '2018-10-29 07:19:58', NULL, '2018-10-29 07:19:58', '2018-10-29 07:19:58'),
('375', '4', 'Pepper - Paprika, Hungarian', NULL, NULL, '2018-10-29 07:19:58', '2018-10-29 07:19:58', NULL, '2018-10-29 07:19:58', '2018-10-29 07:19:58'),
('376', '1', 'Bandage - Finger Cots', NULL, NULL, '2018-10-29 07:19:58', '2018-10-29 07:19:58', NULL, '2018-10-29 07:19:58', '2018-10-29 07:19:58'),
('377', '4', 'Carbonated Water - White Grape', NULL, NULL, '2018-10-29 07:19:58', '2018-10-29 07:19:58', NULL, '2018-10-29 07:19:58', '2018-10-29 07:19:58'),
('378', '4', 'Tomatillo', NULL, NULL, '2018-10-29 07:19:58', '2018-10-29 07:19:58', NULL, '2018-10-29 07:19:58', '2018-10-29 07:19:58'),
('379', '4', 'Maple Syrup', NULL, NULL, '2018-10-29 07:19:58', '2018-10-29 07:19:58', NULL, '2018-10-29 07:19:58', '2018-10-29 07:19:58'),
('38', '5', 'Tea - Earl Grey', NULL, NULL, '2018-10-29 07:19:58', '2018-10-29 07:19:58', NULL, '2018-10-29 07:19:58', '2018-10-29 07:19:58'),
('380', '4', 'Pepper - Black, Whole', NULL, NULL, '2018-10-29 07:19:58', '2018-10-29 07:19:58', NULL, '2018-10-29 07:19:58', '2018-10-29 07:19:58'),
('381', '1', 'Stock - Chicken, White', NULL, NULL, '2018-10-29 07:19:58', '2018-10-29 07:19:58', NULL, '2018-10-29 07:19:58', '2018-10-29 07:19:58'),
('382', '3', 'Muffin Mix - Lemon Cranberry', NULL, NULL, '2018-10-29 07:19:58', '2018-10-29 07:19:58', NULL, '2018-10-29 07:19:58', '2018-10-29 07:19:58'),
('383', '2', 'Napkin - Cocktail,beige 2 - Ply', NULL, NULL, '2018-10-29 07:19:58', '2018-10-29 07:19:58', NULL, '2018-10-29 07:19:58', '2018-10-29 07:19:58'),
('384', '2', 'Wine - White, Colubia Cresh', NULL, NULL, '2018-10-29 07:19:58', '2018-10-29 07:19:58', NULL, '2018-10-29 07:19:58', '2018-10-29 07:19:58'),
('385', '2', 'Sultanas', NULL, NULL, '2018-10-29 07:19:58', '2018-10-29 07:19:58', NULL, '2018-10-29 07:19:58', '2018-10-29 07:19:58'),
('386', '4', 'Flour Dark Rye', NULL, NULL, '2018-10-29 07:19:58', '2018-10-29 07:19:58', NULL, '2018-10-29 07:19:58', '2018-10-29 07:19:58'),
('387', '5', 'Wine - White, Riesling, Henry Of', NULL, NULL, '2018-10-29 07:19:58', '2018-10-29 07:19:58', NULL, '2018-10-29 07:19:58', '2018-10-29 07:19:58'),
('388', '2', 'Pork - Bones', NULL, NULL, '2018-10-29 07:19:58', '2018-10-29 07:19:58', NULL, '2018-10-29 07:19:58', '2018-10-29 07:19:58'),
('389', '2', 'Muffin - Mix - Strawberry Rhubarb', NULL, NULL, '2018-10-29 07:19:58', '2018-10-29 07:19:58', NULL, '2018-10-29 07:19:58', '2018-10-29 07:19:58'),
('39', '1', 'Split Peas - Yellow, Dry', NULL, NULL, '2018-10-29 07:19:58', '2018-10-29 07:19:58', NULL, '2018-10-29 07:19:58', '2018-10-29 07:19:58'),
('390', '4', 'Allspice - Jamaican', NULL, NULL, '2018-10-29 07:19:58', '2018-10-29 07:19:58', NULL, '2018-10-29 07:19:58', '2018-10-29 07:19:58'),
('391', '5', 'Flour Dark Rye', NULL, NULL, '2018-10-29 07:19:58', '2018-10-29 07:19:58', NULL, '2018-10-29 07:19:58', '2018-10-29 07:19:58'),
('392', '3', 'Pineapple - Canned, Rings', NULL, NULL, '2018-10-29 07:19:58', '2018-10-29 07:19:58', NULL, '2018-10-29 07:19:58', '2018-10-29 07:19:58'),
('393', '5', 'Taro Leaves', NULL, NULL, '2018-10-29 07:19:58', '2018-10-29 07:19:58', NULL, '2018-10-29 07:19:58', '2018-10-29 07:19:58'),
('394', '1', 'Cheese - Cheddar, Old White', NULL, NULL, '2018-10-29 07:19:58', '2018-10-29 07:19:58', NULL, '2018-10-29 07:19:58', '2018-10-29 07:19:58'),
('395', '4', 'V8 - Tropical Blend', NULL, NULL, '2018-10-29 07:19:58', '2018-10-29 07:19:58', NULL, '2018-10-29 07:19:58', '2018-10-29 07:19:58'),
('396', '2', 'Initation Crab Meat', NULL, NULL, '2018-10-29 07:19:58', '2018-10-29 07:19:58', NULL, '2018-10-29 07:19:58', '2018-10-29 07:19:58'),
('397', '2', 'Pernod', NULL, NULL, '2018-10-29 07:19:58', '2018-10-29 07:19:58', NULL, '2018-10-29 07:19:58', '2018-10-29 07:19:58'),
('398', '2', 'Calaloo', NULL, NULL, '2018-10-29 07:19:58', '2018-10-29 07:19:58', NULL, '2018-10-29 07:19:58', '2018-10-29 07:19:58'),
('399', '4', 'Vegetable - Base', NULL, NULL, '2018-10-29 07:19:58', '2018-10-29 07:19:58', NULL, '2018-10-29 07:19:58', '2018-10-29 07:19:58'),
('4', '4', 'Muffin Puck Ww Carrot', NULL, NULL, '2018-10-29 07:19:58', '2018-10-29 07:19:58', NULL, '2018-10-29 07:19:58', '2018-10-29 07:19:58'),
('40', '5', 'Bread Base - Gold Formel', NULL, NULL, '2018-10-29 07:19:58', '2018-10-29 07:19:58', NULL, '2018-10-29 07:19:58', '2018-10-29 07:19:58'),
('400', '5', 'Wine - Peller Estates Late', NULL, NULL, '2018-10-29 07:19:58', '2018-10-29 07:19:58', NULL, '2018-10-29 07:19:58', '2018-10-29 07:19:58'),
('401', '5', 'Pork - Ground', NULL, NULL, '2018-10-29 07:19:58', '2018-10-29 07:19:58', NULL, '2018-10-29 07:19:58', '2018-10-29 07:19:58'),
('402', '1', 'Asparagus - Frozen', NULL, NULL, '2018-10-29 07:19:58', '2018-10-29 07:19:58', NULL, '2018-10-29 07:19:58', '2018-10-29 07:19:58'),
('403', '3', 'Lid - 3oz Med Rec', NULL, NULL, '2018-10-29 07:19:58', '2018-10-29 07:19:58', NULL, '2018-10-29 07:19:58', '2018-10-29 07:19:58');
INSERT INTO `products` (`Product_ID`, `Category_ID`, `Product_name`, `Product_cover`, `Additional_product_cover`, `Product_insert_at`, `Product_deleted_at`, `Product_description`, `created_at`, `updated_at`) VALUES
('404', '5', 'Cod - Black Whole Fillet', NULL, NULL, '2018-10-29 07:19:58', '2018-10-29 07:19:58', NULL, '2018-10-29 07:19:58', '2018-10-29 07:19:58'),
('405', '4', 'Papayas', NULL, NULL, '2018-10-29 07:19:58', '2018-10-29 07:19:58', NULL, '2018-10-29 07:19:58', '2018-10-29 07:19:58'),
('406', '2', 'Lamb - Loin, Trimmed, Boneless', NULL, NULL, '2018-10-29 07:19:58', '2018-10-29 07:19:58', NULL, '2018-10-29 07:19:58', '2018-10-29 07:19:58'),
('407', '1', 'Rhubarb', NULL, NULL, '2018-10-29 07:19:58', '2018-10-29 07:19:58', NULL, '2018-10-29 07:19:58', '2018-10-29 07:19:58'),
('408', '1', 'Temperature Recording Station', NULL, NULL, '2018-10-29 07:19:58', '2018-10-29 07:19:58', NULL, '2018-10-29 07:19:58', '2018-10-29 07:19:58'),
('409', '2', 'Caviar - Salmon', NULL, NULL, '2018-10-29 07:19:58', '2018-10-29 07:19:58', NULL, '2018-10-29 07:19:58', '2018-10-29 07:19:58'),
('41', '4', 'Ham - Cooked Italian', NULL, NULL, '2018-10-29 07:19:58', '2018-10-29 07:19:58', NULL, '2018-10-29 07:19:58', '2018-10-29 07:19:58'),
('410', '1', 'Soap - Mr.clean Floor Soap', NULL, NULL, '2018-10-29 07:19:58', '2018-10-29 07:19:58', NULL, '2018-10-29 07:19:58', '2018-10-29 07:19:58'),
('411', '3', 'Cumin - Whole', NULL, NULL, '2018-10-29 07:19:58', '2018-10-29 07:19:58', NULL, '2018-10-29 07:19:58', '2018-10-29 07:19:58'),
('412', '3', 'Lettuce - Escarole', NULL, NULL, '2018-10-29 07:19:58', '2018-10-29 07:19:58', NULL, '2018-10-29 07:19:58', '2018-10-29 07:19:58'),
('413', '4', 'Pepper - Orange', NULL, NULL, '2018-10-29 07:19:58', '2018-10-29 07:19:58', NULL, '2018-10-29 07:19:58', '2018-10-29 07:19:58'),
('414', '2', 'Prunes - Pitted', NULL, NULL, '2018-10-29 07:19:58', '2018-10-29 07:19:58', NULL, '2018-10-29 07:19:58', '2018-10-29 07:19:58'),
('415', '1', 'Laundry - Bag Cloth', NULL, NULL, '2018-10-29 07:19:58', '2018-10-29 07:19:58', NULL, '2018-10-29 07:19:58', '2018-10-29 07:19:58'),
('416', '1', 'Tuna - Salad Premix', NULL, NULL, '2018-10-29 07:19:58', '2018-10-29 07:19:58', NULL, '2018-10-29 07:19:58', '2018-10-29 07:19:58'),
('417', '5', 'Apple - Delicious, Golden', NULL, NULL, '2018-10-29 07:19:58', '2018-10-29 07:19:58', NULL, '2018-10-29 07:19:58', '2018-10-29 07:19:58'),
('418', '5', 'Goldschalger', NULL, NULL, '2018-10-29 07:19:58', '2018-10-29 07:19:58', NULL, '2018-10-29 07:19:58', '2018-10-29 07:19:58'),
('419', '4', 'Amarula Cream', NULL, NULL, '2018-10-29 07:19:58', '2018-10-29 07:19:58', NULL, '2018-10-29 07:19:58', '2018-10-29 07:19:58'),
('42', '1', 'Sunflower Seed Raw', NULL, NULL, '2018-10-29 07:19:58', '2018-10-29 07:19:58', NULL, '2018-10-29 07:19:58', '2018-10-29 07:19:58'),
('420', '3', 'True - Vue Containers', NULL, NULL, '2018-10-29 07:19:58', '2018-10-29 07:19:58', NULL, '2018-10-29 07:19:58', '2018-10-29 07:19:58'),
('421', '1', 'Wine - Red, Marechal Foch', NULL, NULL, '2018-10-29 07:19:58', '2018-10-29 07:19:58', NULL, '2018-10-29 07:19:58', '2018-10-29 07:19:58'),
('422', '3', 'Pastry - Choclate Baked', NULL, NULL, '2018-10-29 07:19:58', '2018-10-29 07:19:58', NULL, '2018-10-29 07:19:58', '2018-10-29 07:19:58'),
('423', '5', 'Mayonnaise - Individual Pkg', NULL, NULL, '2018-10-29 07:19:58', '2018-10-29 07:19:58', NULL, '2018-10-29 07:19:58', '2018-10-29 07:19:58'),
('424', '5', 'Salad Dressing', NULL, NULL, '2018-10-29 07:19:58', '2018-10-29 07:19:58', NULL, '2018-10-29 07:19:58', '2018-10-29 07:19:58'),
('425', '3', 'Honey - Liquid', NULL, NULL, '2018-10-29 07:19:58', '2018-10-29 07:19:58', NULL, '2018-10-29 07:19:58', '2018-10-29 07:19:58'),
('426', '4', 'Bread - 10 Grain', NULL, NULL, '2018-10-29 07:19:58', '2018-10-29 07:19:58', NULL, '2018-10-29 07:19:58', '2018-10-29 07:19:58'),
('427', '4', 'Lobster - Baby, Boiled', NULL, NULL, '2018-10-29 07:19:58', '2018-10-29 07:19:58', NULL, '2018-10-29 07:19:58', '2018-10-29 07:19:58'),
('428', '2', 'Pastry - Key Limepoppy Seed Tea', NULL, NULL, '2018-10-29 07:19:58', '2018-10-29 07:19:58', NULL, '2018-10-29 07:19:58', '2018-10-29 07:19:58'),
('429', '1', 'Lettuce - Treviso', NULL, NULL, '2018-10-29 07:19:58', '2018-10-29 07:19:58', NULL, '2018-10-29 07:19:58', '2018-10-29 07:19:58'),
('43', '3', 'Wine - Guy Sage Touraine', NULL, NULL, '2018-10-29 07:19:58', '2018-10-29 07:19:58', NULL, '2018-10-29 07:19:58', '2018-10-29 07:19:58'),
('430', '3', 'Cheese - Romano, Grated', NULL, NULL, '2018-10-29 07:19:58', '2018-10-29 07:19:58', NULL, '2018-10-29 07:19:58', '2018-10-29 07:19:58'),
('431', '1', 'Apple - Royal Gala', NULL, NULL, '2018-10-29 07:19:58', '2018-10-29 07:19:58', NULL, '2018-10-29 07:19:58', '2018-10-29 07:19:58'),
('432', '2', 'Pastry - Carrot Muffin - Mini', NULL, NULL, '2018-10-29 07:19:58', '2018-10-29 07:19:58', NULL, '2018-10-29 07:19:58', '2018-10-29 07:19:58'),
('433', '1', 'Water - San Pellegrino', NULL, NULL, '2018-10-29 07:19:58', '2018-10-29 07:19:58', NULL, '2018-10-29 07:19:58', '2018-10-29 07:19:58'),
('434', '3', 'Cumin - Whole', NULL, NULL, '2018-10-29 07:19:58', '2018-10-29 07:19:58', NULL, '2018-10-29 07:19:58', '2018-10-29 07:19:58'),
('435', '3', 'Vodka - Hot, Lnferno', NULL, NULL, '2018-10-29 07:19:58', '2018-10-29 07:19:58', NULL, '2018-10-29 07:19:58', '2018-10-29 07:19:58'),
('436', '3', 'Fish - Atlantic Salmon, Cold', NULL, NULL, '2018-10-29 07:19:58', '2018-10-29 07:19:58', NULL, '2018-10-29 07:19:58', '2018-10-29 07:19:58'),
('437', '2', 'Rum - Mount Gay Eclipes', NULL, NULL, '2018-10-29 07:19:58', '2018-10-29 07:19:58', NULL, '2018-10-29 07:19:58', '2018-10-29 07:19:58'),
('438', '5', 'Mushroom - Lg - Cello', NULL, NULL, '2018-10-29 07:19:58', '2018-10-29 07:19:58', NULL, '2018-10-29 07:19:58', '2018-10-29 07:19:58'),
('439', '3', 'Doilies - 12, Paper', NULL, NULL, '2018-10-29 07:19:58', '2018-10-29 07:19:58', NULL, '2018-10-29 07:19:58', '2018-10-29 07:19:58'),
('44', '5', 'Wine - Chianti Classica Docg', NULL, NULL, '2018-10-29 07:19:58', '2018-10-29 07:19:58', NULL, '2018-10-29 07:19:58', '2018-10-29 07:19:58'),
('440', '5', 'Papadam', NULL, NULL, '2018-10-29 07:19:58', '2018-10-29 07:19:58', NULL, '2018-10-29 07:19:58', '2018-10-29 07:19:58'),
('441', '3', 'Chips - Potato Jalapeno', NULL, NULL, '2018-10-29 07:19:58', '2018-10-29 07:19:58', NULL, '2018-10-29 07:19:58', '2018-10-29 07:19:58'),
('442', '4', 'Tarragon - Fresh', NULL, NULL, '2018-10-29 07:19:58', '2018-10-29 07:19:58', NULL, '2018-10-29 07:19:58', '2018-10-29 07:19:58'),
('443', '5', 'Broom Handle', NULL, NULL, '2018-10-29 07:19:58', '2018-10-29 07:19:58', NULL, '2018-10-29 07:19:58', '2018-10-29 07:19:58'),
('444', '3', 'Halibut - Fletches', NULL, NULL, '2018-10-29 07:19:58', '2018-10-29 07:19:58', NULL, '2018-10-29 07:19:58', '2018-10-29 07:19:58'),
('445', '4', 'Eggplant - Asian', NULL, NULL, '2018-10-29 07:19:58', '2018-10-29 07:19:58', NULL, '2018-10-29 07:19:58', '2018-10-29 07:19:58'),
('446', '2', 'Rum - White, Gg White', NULL, NULL, '2018-10-29 07:19:58', '2018-10-29 07:19:58', NULL, '2018-10-29 07:19:58', '2018-10-29 07:19:58'),
('447', '2', 'Syrup - Monin - Passion Fruit', NULL, NULL, '2018-10-29 07:19:58', '2018-10-29 07:19:58', NULL, '2018-10-29 07:19:58', '2018-10-29 07:19:58'),
('448', '1', 'Cheese - Shred Cheddar / Mozza', NULL, NULL, '2018-10-29 07:19:58', '2018-10-29 07:19:58', NULL, '2018-10-29 07:19:58', '2018-10-29 07:19:58'),
('449', '3', 'Wine - Zinfandel California 2002', NULL, NULL, '2018-10-29 07:19:58', '2018-10-29 07:19:58', NULL, '2018-10-29 07:19:58', '2018-10-29 07:19:58'),
('45', '5', 'Walkers Special Old Whiskey', NULL, NULL, '2018-10-29 07:19:58', '2018-10-29 07:19:58', NULL, '2018-10-29 07:19:58', '2018-10-29 07:19:58'),
('450', '3', 'Soup - Campbells Bean Medley', NULL, NULL, '2018-10-29 07:19:58', '2018-10-29 07:19:58', NULL, '2018-10-29 07:19:58', '2018-10-29 07:19:58'),
('451', '1', 'Sauce - Demi Glace', NULL, NULL, '2018-10-29 07:19:58', '2018-10-29 07:19:58', NULL, '2018-10-29 07:19:58', '2018-10-29 07:19:58'),
('452', '3', 'Juice - Tomato, 10 Oz', NULL, NULL, '2018-10-29 07:19:58', '2018-10-29 07:19:58', NULL, '2018-10-29 07:19:58', '2018-10-29 07:19:58'),
('453', '2', 'Veal - Bones', NULL, NULL, '2018-10-29 07:19:58', '2018-10-29 07:19:58', NULL, '2018-10-29 07:19:58', '2018-10-29 07:19:58'),
('454', '4', 'Pimento - Canned', NULL, NULL, '2018-10-29 07:19:58', '2018-10-29 07:19:58', NULL, '2018-10-29 07:19:58', '2018-10-29 07:19:58'),
('455', '3', 'Muffin Batt - Carrot Spice', NULL, NULL, '2018-10-29 07:19:58', '2018-10-29 07:19:58', NULL, '2018-10-29 07:19:58', '2018-10-29 07:19:58'),
('456', '2', 'Wine - Fat Bastard Merlot', NULL, NULL, '2018-10-29 07:19:58', '2018-10-29 07:19:58', NULL, '2018-10-29 07:19:58', '2018-10-29 07:19:58'),
('457', '3', 'Pastry - Cheese Baked Scones', NULL, NULL, '2018-10-29 07:19:58', '2018-10-29 07:19:58', NULL, '2018-10-29 07:19:58', '2018-10-29 07:19:58'),
('458', '5', 'Chocolate - Semi Sweet', NULL, NULL, '2018-10-29 07:19:58', '2018-10-29 07:19:58', NULL, '2018-10-29 07:19:58', '2018-10-29 07:19:58'),
('459', '4', 'Curry Powder Madras', NULL, NULL, '2018-10-29 07:19:58', '2018-10-29 07:19:58', NULL, '2018-10-29 07:19:58', '2018-10-29 07:19:58'),
('46', '2', 'Mop Head - Cotton, 24 Oz', NULL, NULL, '2018-10-29 07:19:58', '2018-10-29 07:19:58', NULL, '2018-10-29 07:19:58', '2018-10-29 07:19:58'),
('460', '3', 'Cookies Cereal Nut', NULL, NULL, '2018-10-29 07:19:58', '2018-10-29 07:19:58', NULL, '2018-10-29 07:19:58', '2018-10-29 07:19:58'),
('461', '3', 'External Supplier', NULL, NULL, '2018-10-29 07:19:58', '2018-10-29 07:19:58', NULL, '2018-10-29 07:19:58', '2018-10-29 07:19:58'),
('462', '3', 'Soup Campbells Mexicali Tortilla', NULL, NULL, '2018-10-29 07:19:58', '2018-10-29 07:19:58', NULL, '2018-10-29 07:19:58', '2018-10-29 07:19:58'),
('463', '4', 'Energy Drink - Franks Pineapple', NULL, NULL, '2018-10-29 07:19:58', '2018-10-29 07:19:58', NULL, '2018-10-29 07:19:58', '2018-10-29 07:19:58'),
('464', '3', 'Brandy - Orange, Mc Guiness', NULL, NULL, '2018-10-29 07:19:58', '2018-10-29 07:19:58', NULL, '2018-10-29 07:19:58', '2018-10-29 07:19:58'),
('465', '4', 'Ecolab Silver Fusion', NULL, NULL, '2018-10-29 07:19:58', '2018-10-29 07:19:58', NULL, '2018-10-29 07:19:58', '2018-10-29 07:19:58'),
('466', '3', 'Muffin Mix - Carrot', NULL, NULL, '2018-10-29 07:19:58', '2018-10-29 07:19:58', NULL, '2018-10-29 07:19:58', '2018-10-29 07:19:58'),
('467', '4', 'Pastry - Carrot Muffin - Mini', NULL, NULL, '2018-10-29 07:19:58', '2018-10-29 07:19:58', NULL, '2018-10-29 07:19:58', '2018-10-29 07:19:58'),
('468', '4', 'Beans - Fava Fresh', NULL, NULL, '2018-10-29 07:19:58', '2018-10-29 07:19:58', NULL, '2018-10-29 07:19:58', '2018-10-29 07:19:58'),
('469', '2', 'Tea Leaves - Oolong', NULL, NULL, '2018-10-29 07:19:58', '2018-10-29 07:19:58', NULL, '2018-10-29 07:19:58', '2018-10-29 07:19:58'),
('47', '1', 'Beer - Heinekin', NULL, NULL, '2018-10-29 07:19:58', '2018-10-29 07:19:58', NULL, '2018-10-29 07:19:58', '2018-10-29 07:19:58'),
('470', '5', 'Plasticspoonblack', NULL, NULL, '2018-10-29 07:19:58', '2018-10-29 07:19:58', NULL, '2018-10-29 07:19:58', '2018-10-29 07:19:58'),
('471', '3', 'Waffle Stix', NULL, NULL, '2018-10-29 07:19:58', '2018-10-29 07:19:58', NULL, '2018-10-29 07:19:58', '2018-10-29 07:19:58'),
('472', '4', 'Sage - Ground', NULL, NULL, '2018-10-29 07:19:58', '2018-10-29 07:19:58', NULL, '2018-10-29 07:19:58', '2018-10-29 07:19:58'),
('473', '2', 'Cheese - Mix', NULL, NULL, '2018-10-29 07:19:58', '2018-10-29 07:19:58', NULL, '2018-10-29 07:19:58', '2018-10-29 07:19:58'),
('474', '1', 'The Pop Shoppe - Black Cherry', NULL, NULL, '2018-10-29 07:19:58', '2018-10-29 07:19:58', NULL, '2018-10-29 07:19:58', '2018-10-29 07:19:58'),
('475', '3', 'Oil - Macadamia', NULL, NULL, '2018-10-29 07:19:58', '2018-10-29 07:19:58', NULL, '2018-10-29 07:19:58', '2018-10-29 07:19:58'),
('476', '3', 'Bread - French Baquette', NULL, NULL, '2018-10-29 07:19:58', '2018-10-29 07:19:58', NULL, '2018-10-29 07:19:58', '2018-10-29 07:19:58'),
('477', '1', 'Lid - Translucent, 3.5 And 6 Oz', NULL, NULL, '2018-10-29 07:19:58', '2018-10-29 07:19:58', NULL, '2018-10-29 07:19:58', '2018-10-29 07:19:58'),
('478', '2', 'Breakfast Quesadillas', NULL, NULL, '2018-10-29 07:19:58', '2018-10-29 07:19:58', NULL, '2018-10-29 07:19:58', '2018-10-29 07:19:58'),
('479', '4', 'Gelatine Leaves - Envelopes', NULL, NULL, '2018-10-29 07:19:58', '2018-10-29 07:19:58', NULL, '2018-10-29 07:19:58', '2018-10-29 07:19:58'),
('48', '2', 'Pastry - Chocolate Marble Tea', NULL, NULL, '2018-10-29 07:19:58', '2018-10-29 07:19:58', NULL, '2018-10-29 07:19:58', '2018-10-29 07:19:58'),
('480', '2', 'Fruit Mix - Light', NULL, NULL, '2018-10-29 07:19:58', '2018-10-29 07:19:58', NULL, '2018-10-29 07:19:58', '2018-10-29 07:19:58'),
('481', '5', 'Muffin Mix - Banana Nut', NULL, NULL, '2018-10-29 07:19:58', '2018-10-29 07:19:58', NULL, '2018-10-29 07:19:58', '2018-10-29 07:19:58'),
('482', '2', 'Tea - Honey Green Tea', NULL, NULL, '2018-10-29 07:19:58', '2018-10-29 07:19:58', NULL, '2018-10-29 07:19:58', '2018-10-29 07:19:58'),
('483', '2', 'Wine - Prosecco Valdobiaddene', NULL, NULL, '2018-10-29 07:19:58', '2018-10-29 07:19:58', NULL, '2018-10-29 07:19:58', '2018-10-29 07:19:58'),
('484', '5', 'Pasta - Orecchiette', NULL, NULL, '2018-10-29 07:19:58', '2018-10-29 07:19:58', NULL, '2018-10-29 07:19:58', '2018-10-29 07:19:58'),
('485', '1', 'Cumin - Whole', NULL, NULL, '2018-10-29 07:19:58', '2018-10-29 07:19:58', NULL, '2018-10-29 07:19:58', '2018-10-29 07:19:58'),
('486', '1', 'Coconut Milk - Unsweetened', NULL, NULL, '2018-10-29 07:19:58', '2018-10-29 07:19:58', NULL, '2018-10-29 07:19:58', '2018-10-29 07:19:58'),
('487', '2', 'Sausage - Meat', NULL, NULL, '2018-10-29 07:19:58', '2018-10-29 07:19:58', NULL, '2018-10-29 07:19:58', '2018-10-29 07:19:58'),
('488', '1', 'Compound - Orange', NULL, NULL, '2018-10-29 07:19:58', '2018-10-29 07:19:58', NULL, '2018-10-29 07:19:58', '2018-10-29 07:19:58'),
('489', '4', 'Goulash Seasoning', NULL, NULL, '2018-10-29 07:19:58', '2018-10-29 07:19:58', NULL, '2018-10-29 07:19:58', '2018-10-29 07:19:58'),
('49', '5', 'Squash - Acorn', NULL, NULL, '2018-10-29 07:19:58', '2018-10-29 07:19:58', NULL, '2018-10-29 07:19:58', '2018-10-29 07:19:58'),
('490', '5', 'Stock - Fish', NULL, NULL, '2018-10-29 07:19:58', '2018-10-29 07:19:58', NULL, '2018-10-29 07:19:58', '2018-10-29 07:19:58'),
('491', '1', 'Seedlings - Clamshell', NULL, NULL, '2018-10-29 07:19:58', '2018-10-29 07:19:58', NULL, '2018-10-29 07:19:58', '2018-10-29 07:19:58'),
('492', '5', 'Pork - Loin, Boneless', NULL, NULL, '2018-10-29 07:19:58', '2018-10-29 07:19:58', NULL, '2018-10-29 07:19:58', '2018-10-29 07:19:58'),
('493', '2', 'Oregano - Fresh', NULL, NULL, '2018-10-29 07:19:58', '2018-10-29 07:19:58', NULL, '2018-10-29 07:19:58', '2018-10-29 07:19:58'),
('494', '2', 'Cookies - Assorted', NULL, NULL, '2018-10-29 07:19:58', '2018-10-29 07:19:58', NULL, '2018-10-29 07:19:58', '2018-10-29 07:19:58'),
('495', '3', 'Oyster - In Shell', NULL, NULL, '2018-10-29 07:19:58', '2018-10-29 07:19:58', NULL, '2018-10-29 07:19:58', '2018-10-29 07:19:58'),
('496', '1', 'Lid Tray - 12in Dome', NULL, NULL, '2018-10-29 07:19:58', '2018-10-29 07:19:58', NULL, '2018-10-29 07:19:58', '2018-10-29 07:19:58'),
('497', '3', 'Cheese - Montery Jack', NULL, NULL, '2018-10-29 07:19:58', '2018-10-29 07:19:58', NULL, '2018-10-29 07:19:58', '2018-10-29 07:19:58'),
('498', '4', 'Water - Spring Water 500ml', NULL, NULL, '2018-10-29 07:19:58', '2018-10-29 07:19:58', NULL, '2018-10-29 07:19:58', '2018-10-29 07:19:58'),
('499', '5', 'Soup - Campbells Mushroom', NULL, NULL, '2018-10-29 07:19:58', '2018-10-29 07:19:58', NULL, '2018-10-29 07:19:58', '2018-10-29 07:19:58'),
('5', '5', 'Squid - Breaded', NULL, NULL, '2018-10-29 07:19:58', '2018-10-29 07:19:58', NULL, '2018-10-29 07:19:58', '2018-10-29 07:19:58'),
('50', '5', 'Potatoes - Yukon Gold, 80 Ct', NULL, NULL, '2018-10-29 07:19:58', '2018-10-29 07:19:58', NULL, '2018-10-29 07:19:58', '2018-10-29 07:19:58'),
('500', '3', 'Artichoke - Hearts, Canned', NULL, NULL, '2018-10-29 07:19:58', '2018-10-29 07:19:58', NULL, '2018-10-29 07:19:58', '2018-10-29 07:19:58'),
('501', '1', 'Shiratamako - Rice Flour', NULL, NULL, '2018-10-29 07:19:58', '2018-10-29 07:19:58', NULL, '2018-10-29 07:19:58', '2018-10-29 07:19:58'),
('502', '1', 'Bag Stand', NULL, NULL, '2018-10-29 07:19:58', '2018-10-29 07:19:58', NULL, '2018-10-29 07:19:58', '2018-10-29 07:19:58'),
('503', '4', 'Macaroons - Two Bite Choc', NULL, NULL, '2018-10-29 07:19:58', '2018-10-29 07:19:58', NULL, '2018-10-29 07:19:58', '2018-10-29 07:19:58'),
('504', '1', 'Remy Red', NULL, NULL, '2018-10-29 07:19:58', '2018-10-29 07:19:58', NULL, '2018-10-29 07:19:58', '2018-10-29 07:19:58'),
('505', '4', 'Wine - Red, Marechal Foch', NULL, NULL, '2018-10-29 07:19:58', '2018-10-29 07:19:58', NULL, '2018-10-29 07:19:58', '2018-10-29 07:19:58'),
('506', '1', 'Tuna - Salad Premix', NULL, NULL, '2018-10-29 07:19:58', '2018-10-29 07:19:58', NULL, '2018-10-29 07:19:58', '2018-10-29 07:19:58'),
('507', '1', 'Pork - Back, Short Cut, Boneless', NULL, NULL, '2018-10-29 07:19:58', '2018-10-29 07:19:58', NULL, '2018-10-29 07:19:58', '2018-10-29 07:19:58'),
('508', '3', 'Bagel - Whole White Sesame', NULL, NULL, '2018-10-29 07:19:58', '2018-10-29 07:19:58', NULL, '2018-10-29 07:19:58', '2018-10-29 07:19:58'),
('509', '2', 'Tuna - Fresh', NULL, NULL, '2018-10-29 07:19:58', '2018-10-29 07:19:58', NULL, '2018-10-29 07:19:58', '2018-10-29 07:19:58'),
('51', '3', 'Coffee - Dark Roast', NULL, NULL, '2018-10-29 07:19:58', '2018-10-29 07:19:58', NULL, '2018-10-29 07:19:58', '2018-10-29 07:19:58'),
('510', '2', 'Flour - Corn, Fine', NULL, NULL, '2018-10-29 07:19:58', '2018-10-29 07:19:58', NULL, '2018-10-29 07:19:58', '2018-10-29 07:19:58'),
('511', '2', 'Tray - 12in Rnd Blk', NULL, NULL, '2018-10-29 07:19:58', '2018-10-29 07:19:58', NULL, '2018-10-29 07:19:58', '2018-10-29 07:19:58'),
('512', '3', 'Soup - Cream Of Potato / Leek', NULL, NULL, '2018-10-29 07:19:58', '2018-10-29 07:19:58', NULL, '2018-10-29 07:19:58', '2018-10-29 07:19:58'),
('513', '3', 'Wine - Prem Select Charddonany', NULL, NULL, '2018-10-29 07:19:58', '2018-10-29 07:19:58', NULL, '2018-10-29 07:19:58', '2018-10-29 07:19:58'),
('514', '2', 'Chervil - Fresh', NULL, NULL, '2018-10-29 07:19:58', '2018-10-29 07:19:58', NULL, '2018-10-29 07:19:58', '2018-10-29 07:19:58'),
('515', '3', 'Phyllo Dough', NULL, NULL, '2018-10-29 07:19:58', '2018-10-29 07:19:58', NULL, '2018-10-29 07:19:58', '2018-10-29 07:19:58'),
('516', '5', 'Puree - Blackcurrant', NULL, NULL, '2018-10-29 07:19:58', '2018-10-29 07:19:58', NULL, '2018-10-29 07:19:58', '2018-10-29 07:19:58'),
('517', '5', 'Bacardi Mojito', NULL, NULL, '2018-10-29 07:19:58', '2018-10-29 07:19:58', NULL, '2018-10-29 07:19:58', '2018-10-29 07:19:58'),
('518', '4', 'Wine - Magnotta - Bel Paese White', NULL, NULL, '2018-10-29 07:19:58', '2018-10-29 07:19:58', NULL, '2018-10-29 07:19:58', '2018-10-29 07:19:58'),
('519', '1', 'Shiro Miso', NULL, NULL, '2018-10-29 07:19:58', '2018-10-29 07:19:58', NULL, '2018-10-29 07:19:58', '2018-10-29 07:19:58'),
('52', '4', 'Peas Snow', NULL, NULL, '2018-10-29 07:19:58', '2018-10-29 07:19:58', NULL, '2018-10-29 07:19:58', '2018-10-29 07:19:58'),
('520', '4', 'Wine - Red, Black Opal Shiraz', NULL, NULL, '2018-10-29 07:19:58', '2018-10-29 07:19:58', NULL, '2018-10-29 07:19:58', '2018-10-29 07:19:58'),
('521', '3', 'Gatorade - Orange', NULL, NULL, '2018-10-29 07:19:58', '2018-10-29 07:19:58', NULL, '2018-10-29 07:19:58', '2018-10-29 07:19:58'),
('522', '2', 'Pork - Tenderloin, Frozen', NULL, NULL, '2018-10-29 07:19:58', '2018-10-29 07:19:58', NULL, '2018-10-29 07:19:58', '2018-10-29 07:19:58'),
('523', '3', 'Capicola - Hot', NULL, NULL, '2018-10-29 07:19:58', '2018-10-29 07:19:58', NULL, '2018-10-29 07:19:58', '2018-10-29 07:19:58'),
('524', '5', 'Sauce - Hollandaise', NULL, NULL, '2018-10-29 07:19:58', '2018-10-29 07:19:58', NULL, '2018-10-29 07:19:58', '2018-10-29 07:19:58'),
('525', '2', 'Celery Root', NULL, NULL, '2018-10-29 07:19:58', '2018-10-29 07:19:58', NULL, '2018-10-29 07:19:58', '2018-10-29 07:19:58'),
('526', '3', 'Shrimp - Tiger 21/25', NULL, NULL, '2018-10-29 07:19:58', '2018-10-29 07:19:58', NULL, '2018-10-29 07:19:58', '2018-10-29 07:19:58'),
('527', '5', 'Barley - Pearl', NULL, NULL, '2018-10-29 07:19:58', '2018-10-29 07:19:58', NULL, '2018-10-29 07:19:58', '2018-10-29 07:19:58'),
('528', '5', 'Dc Hikiage Hira Huba', NULL, NULL, '2018-10-29 07:19:58', '2018-10-29 07:19:58', NULL, '2018-10-29 07:19:58', '2018-10-29 07:19:58'),
('529', '5', 'Bagel - Everything Presliced', NULL, NULL, '2018-10-29 07:19:58', '2018-10-29 07:19:58', NULL, '2018-10-29 07:19:58', '2018-10-29 07:19:58'),
('53', '2', 'Catfish - Fillets', NULL, NULL, '2018-10-29 07:19:58', '2018-10-29 07:19:58', NULL, '2018-10-29 07:19:58', '2018-10-29 07:19:58'),
('530', '5', 'Lime Cordial - Roses', NULL, NULL, '2018-10-29 07:19:58', '2018-10-29 07:19:58', NULL, '2018-10-29 07:19:58', '2018-10-29 07:19:58'),
('531', '5', 'Mushroom - Morels, Dry', NULL, NULL, '2018-10-29 07:19:58', '2018-10-29 07:19:58', NULL, '2018-10-29 07:19:58', '2018-10-29 07:19:58'),
('532', '4', 'Soup - Canadian Pea, Dry Mix', NULL, NULL, '2018-10-29 07:19:58', '2018-10-29 07:19:58', NULL, '2018-10-29 07:19:58', '2018-10-29 07:19:58'),
('533', '1', 'Soup - Campbells Chili', NULL, NULL, '2018-10-29 07:19:58', '2018-10-29 07:19:58', NULL, '2018-10-29 07:19:58', '2018-10-29 07:19:58'),
('534', '4', 'Beef - Inside Round', NULL, NULL, '2018-10-29 07:19:58', '2018-10-29 07:19:58', NULL, '2018-10-29 07:19:58', '2018-10-29 07:19:58'),
('535', '5', 'Soup - Knorr, Chicken Noodle', NULL, NULL, '2018-10-29 07:19:58', '2018-10-29 07:19:58', NULL, '2018-10-29 07:19:58', '2018-10-29 07:19:58'),
('536', '5', 'Caviar - Salmon', NULL, NULL, '2018-10-29 07:19:58', '2018-10-29 07:19:58', NULL, '2018-10-29 07:19:58', '2018-10-29 07:19:58'),
('537', '2', 'Beef Flat Iron Steak', NULL, NULL, '2018-10-29 07:19:58', '2018-10-29 07:19:58', NULL, '2018-10-29 07:19:58', '2018-10-29 07:19:58'),
('538', '4', 'Butter Sweet', NULL, NULL, '2018-10-29 07:19:58', '2018-10-29 07:19:58', NULL, '2018-10-29 07:19:58', '2018-10-29 07:19:58'),
('539', '5', 'Bread - Corn Muffaleta Onion', NULL, NULL, '2018-10-29 07:19:58', '2018-10-29 07:19:58', NULL, '2018-10-29 07:19:58', '2018-10-29 07:19:58'),
('54', '3', 'Potatoes - Mini White 3 Oz', NULL, NULL, '2018-10-29 07:19:58', '2018-10-29 07:19:58', NULL, '2018-10-29 07:19:58', '2018-10-29 07:19:58'),
('540', '4', 'Veal - Insides Provini', NULL, NULL, '2018-10-29 07:19:58', '2018-10-29 07:19:58', NULL, '2018-10-29 07:19:58', '2018-10-29 07:19:58'),
('541', '1', 'Appetizer - Mushroom Tart', NULL, NULL, '2018-10-29 07:19:58', '2018-10-29 07:19:58', NULL, '2018-10-29 07:19:58', '2018-10-29 07:19:58'),
('542', '1', 'Apple - Fuji', NULL, NULL, '2018-10-29 07:19:58', '2018-10-29 07:19:58', NULL, '2018-10-29 07:19:58', '2018-10-29 07:19:58'),
('543', '3', 'Steel Wool S.o.s', NULL, NULL, '2018-10-29 07:19:58', '2018-10-29 07:19:58', NULL, '2018-10-29 07:19:58', '2018-10-29 07:19:58'),
('544', '3', 'Yogurt - Blueberry, 175 Gr', NULL, NULL, '2018-10-29 07:19:58', '2018-10-29 07:19:58', NULL, '2018-10-29 07:19:58', '2018-10-29 07:19:58'),
('545', '1', 'Mortadella', NULL, NULL, '2018-10-29 07:19:58', '2018-10-29 07:19:58', NULL, '2018-10-29 07:19:58', '2018-10-29 07:19:58'),
('546', '5', 'Truffle - Peelings', NULL, NULL, '2018-10-29 07:19:58', '2018-10-29 07:19:58', NULL, '2018-10-29 07:19:58', '2018-10-29 07:19:58'),
('547', '5', 'Pork - Sausage, Medium', NULL, NULL, '2018-10-29 07:19:58', '2018-10-29 07:19:58', NULL, '2018-10-29 07:19:58', '2018-10-29 07:19:58'),
('548', '3', 'Wine - Riesling Alsace Ac 2001', NULL, NULL, '2018-10-29 07:19:58', '2018-10-29 07:19:58', NULL, '2018-10-29 07:19:58', '2018-10-29 07:19:58'),
('549', '1', 'Yokaline', NULL, NULL, '2018-10-29 07:19:58', '2018-10-29 07:19:58', NULL, '2018-10-29 07:19:58', '2018-10-29 07:19:58'),
('55', '1', 'Beets', NULL, NULL, '2018-10-29 07:19:58', '2018-10-29 07:19:58', NULL, '2018-10-29 07:19:58', '2018-10-29 07:19:58'),
('550', '1', 'Sauce - Sesame Thai Dressing', NULL, NULL, '2018-10-29 07:19:58', '2018-10-29 07:19:58', NULL, '2018-10-29 07:19:58', '2018-10-29 07:19:58'),
('551', '2', 'Soup Bowl Clear 8oz92008', NULL, NULL, '2018-10-29 07:19:58', '2018-10-29 07:19:58', NULL, '2018-10-29 07:19:58', '2018-10-29 07:19:58'),
('552', '3', 'Cherries - Maraschino,jar', NULL, NULL, '2018-10-29 07:19:58', '2018-10-29 07:19:58', NULL, '2018-10-29 07:19:58', '2018-10-29 07:19:58'),
('553', '2', 'Squash - Butternut', NULL, NULL, '2018-10-29 07:19:58', '2018-10-29 07:19:58', NULL, '2018-10-29 07:19:58', '2018-10-29 07:19:58'),
('554', '1', 'Corn - On The Cob', NULL, NULL, '2018-10-29 07:19:58', '2018-10-29 07:19:58', NULL, '2018-10-29 07:19:58', '2018-10-29 07:19:58'),
('555', '1', 'Lotus Root', NULL, NULL, '2018-10-29 07:19:58', '2018-10-29 07:19:58', NULL, '2018-10-29 07:19:58', '2018-10-29 07:19:58'),
('556', '1', 'Rice - Brown', NULL, NULL, '2018-10-29 07:19:58', '2018-10-29 07:19:58', NULL, '2018-10-29 07:19:58', '2018-10-29 07:19:58'),
('557', '5', 'Carbonated Water - Orange', NULL, NULL, '2018-10-29 07:19:58', '2018-10-29 07:19:58', NULL, '2018-10-29 07:19:58', '2018-10-29 07:19:58'),
('558', '3', 'Bread - White, Sliced', NULL, NULL, '2018-10-29 07:19:58', '2018-10-29 07:19:58', NULL, '2018-10-29 07:19:58', '2018-10-29 07:19:58'),
('559', '3', 'Wine - Alsace Gewurztraminer', NULL, NULL, '2018-10-29 07:19:58', '2018-10-29 07:19:58', NULL, '2018-10-29 07:19:58', '2018-10-29 07:19:58'),
('56', '5', 'Aspic - Clear', NULL, NULL, '2018-10-29 07:19:58', '2018-10-29 07:19:58', NULL, '2018-10-29 07:19:58', '2018-10-29 07:19:58'),
('560', '4', 'Cheese - Bakers Cream Cheese', NULL, NULL, '2018-10-29 07:19:58', '2018-10-29 07:19:58', NULL, '2018-10-29 07:19:58', '2018-10-29 07:19:58'),
('561', '5', 'Pate - Liver', NULL, NULL, '2018-10-29 07:19:58', '2018-10-29 07:19:58', NULL, '2018-10-29 07:19:58', '2018-10-29 07:19:58'),
('562', '3', 'Jam - Strawberry, 20 Ml Jar', NULL, NULL, '2018-10-29 07:19:58', '2018-10-29 07:19:58', NULL, '2018-10-29 07:19:58', '2018-10-29 07:19:58'),
('563', '5', 'Wine - Pinot Noir Latour', NULL, NULL, '2018-10-29 07:19:58', '2018-10-29 07:19:58', NULL, '2018-10-29 07:19:58', '2018-10-29 07:19:58'),
('564', '5', 'Pastry - Lemon Danish - Mini', NULL, NULL, '2018-10-29 07:19:58', '2018-10-29 07:19:58', NULL, '2018-10-29 07:19:58', '2018-10-29 07:19:58'),
('565', '1', 'Syrup - Monin - Blue Curacao', NULL, NULL, '2018-10-29 07:19:58', '2018-10-29 07:19:58', NULL, '2018-10-29 07:19:58', '2018-10-29 07:19:58'),
('566', '4', 'Mikes Hard Lemonade', NULL, NULL, '2018-10-29 07:19:58', '2018-10-29 07:19:58', NULL, '2018-10-29 07:19:58', '2018-10-29 07:19:58'),
('567', '3', 'Shrimp - Baby, Warm Water', NULL, NULL, '2018-10-29 07:19:58', '2018-10-29 07:19:58', NULL, '2018-10-29 07:19:58', '2018-10-29 07:19:58'),
('568', '4', 'Apple - Macintosh', NULL, NULL, '2018-10-29 07:19:58', '2018-10-29 07:19:58', NULL, '2018-10-29 07:19:58', '2018-10-29 07:19:58'),
('569', '5', 'Olives - Kalamata', NULL, NULL, '2018-10-29 07:19:58', '2018-10-29 07:19:58', NULL, '2018-10-29 07:19:58', '2018-10-29 07:19:58'),
('57', '3', 'Juice - Orangina', NULL, NULL, '2018-10-29 07:19:58', '2018-10-29 07:19:58', NULL, '2018-10-29 07:19:58', '2018-10-29 07:19:58'),
('570', '4', 'Wine - Riesling Alsace Ac 2001', NULL, NULL, '2018-10-29 07:19:58', '2018-10-29 07:19:58', NULL, '2018-10-29 07:19:58', '2018-10-29 07:19:58'),
('571', '2', 'Guava', NULL, NULL, '2018-10-29 07:19:58', '2018-10-29 07:19:58', NULL, '2018-10-29 07:19:58', '2018-10-29 07:19:58'),
('572', '2', 'Versatainer Nc - 8288', NULL, NULL, '2018-10-29 07:19:58', '2018-10-29 07:19:58', NULL, '2018-10-29 07:19:58', '2018-10-29 07:19:58'),
('573', '1', 'Nut - Pecan, Halves', NULL, NULL, '2018-10-29 07:19:58', '2018-10-29 07:19:58', NULL, '2018-10-29 07:19:58', '2018-10-29 07:19:58'),
('574', '2', 'Container - Clear 32 Oz', NULL, NULL, '2018-10-29 07:19:58', '2018-10-29 07:19:58', NULL, '2018-10-29 07:19:58', '2018-10-29 07:19:58'),
('575', '1', 'Pasta - Agnolotti - Butternut', NULL, NULL, '2018-10-29 07:19:58', '2018-10-29 07:19:58', NULL, '2018-10-29 07:19:58', '2018-10-29 07:19:58'),
('576', '2', 'Wine - Red, Lurton Merlot De', NULL, NULL, '2018-10-29 07:19:58', '2018-10-29 07:19:58', NULL, '2018-10-29 07:19:58', '2018-10-29 07:19:58'),
('577', '4', 'Beef - Tongue, Fresh', NULL, NULL, '2018-10-29 07:19:58', '2018-10-29 07:19:58', NULL, '2018-10-29 07:19:58', '2018-10-29 07:19:58'),
('578', '2', 'Pepper - Chipotle, Canned', NULL, NULL, '2018-10-29 07:19:58', '2018-10-29 07:19:58', NULL, '2018-10-29 07:19:58', '2018-10-29 07:19:58'),
('579', '3', 'Muffin - Blueberry Individual', NULL, NULL, '2018-10-29 07:19:58', '2018-10-29 07:19:58', NULL, '2018-10-29 07:19:58', '2018-10-29 07:19:58'),
('58', '4', 'Cups 10oz Trans', NULL, NULL, '2018-10-29 07:19:58', '2018-10-29 07:19:58', NULL, '2018-10-29 07:19:58', '2018-10-29 07:19:58'),
('580', '5', 'Cheese Cloth No 60', NULL, NULL, '2018-10-29 07:19:58', '2018-10-29 07:19:58', NULL, '2018-10-29 07:19:58', '2018-10-29 07:19:58'),
('581', '1', 'Table Cloth 54x72 Colour', NULL, NULL, '2018-10-29 07:19:58', '2018-10-29 07:19:58', NULL, '2018-10-29 07:19:58', '2018-10-29 07:19:58'),
('582', '4', 'Turnip - Mini', NULL, NULL, '2018-10-29 07:19:58', '2018-10-29 07:19:58', NULL, '2018-10-29 07:19:58', '2018-10-29 07:19:58'),
('583', '1', 'Pur Value', NULL, NULL, '2018-10-29 07:19:58', '2018-10-29 07:19:58', NULL, '2018-10-29 07:19:58', '2018-10-29 07:19:58'),
('584', '3', 'Crush - Orange, 355ml', NULL, NULL, '2018-10-29 07:19:58', '2018-10-29 07:19:58', NULL, '2018-10-29 07:19:58', '2018-10-29 07:19:58'),
('585', '4', 'Cheese - Ermite Bleu', NULL, NULL, '2018-10-29 07:19:58', '2018-10-29 07:19:58', NULL, '2018-10-29 07:19:58', '2018-10-29 07:19:58'),
('586', '3', 'Shrimp - 21/25, Peel And Deviened', NULL, NULL, '2018-10-29 07:19:58', '2018-10-29 07:19:58', NULL, '2018-10-29 07:19:58', '2018-10-29 07:19:58'),
('587', '5', 'Butter Ripple - Phillips', NULL, NULL, '2018-10-29 07:19:58', '2018-10-29 07:19:58', NULL, '2018-10-29 07:19:58', '2018-10-29 07:19:58'),
('588', '1', 'Island Oasis - Magarita Mix', NULL, NULL, '2018-10-29 07:19:58', '2018-10-29 07:19:58', NULL, '2018-10-29 07:19:58', '2018-10-29 07:19:58'),
('589', '2', 'Pork - Back, Long Cut, Boneless', NULL, NULL, '2018-10-29 07:19:58', '2018-10-29 07:19:58', NULL, '2018-10-29 07:19:58', '2018-10-29 07:19:58'),
('59', '3', 'Oven Mitt - 13 Inch', NULL, NULL, '2018-10-29 07:19:58', '2018-10-29 07:19:58', NULL, '2018-10-29 07:19:58', '2018-10-29 07:19:58'),
('590', '5', 'Cheese - Mix', NULL, NULL, '2018-10-29 07:19:58', '2018-10-29 07:19:58', NULL, '2018-10-29 07:19:58', '2018-10-29 07:19:58'),
('591', '5', 'Longos - Burritos', NULL, NULL, '2018-10-29 07:19:58', '2018-10-29 07:19:58', NULL, '2018-10-29 07:19:58', '2018-10-29 07:19:58'),
('592', '3', 'Glass Clear 8 Oz', NULL, NULL, '2018-10-29 07:19:58', '2018-10-29 07:19:58', NULL, '2018-10-29 07:19:58', '2018-10-29 07:19:58'),
('593', '1', 'Beets', NULL, NULL, '2018-10-29 07:19:58', '2018-10-29 07:19:58', NULL, '2018-10-29 07:19:58', '2018-10-29 07:19:58'),
('594', '4', 'Wine - Cava Aria Estate Brut', NULL, NULL, '2018-10-29 07:19:58', '2018-10-29 07:19:58', NULL, '2018-10-29 07:19:58', '2018-10-29 07:19:58'),
('595', '4', 'Food Colouring - Orange', NULL, NULL, '2018-10-29 07:19:58', '2018-10-29 07:19:58', NULL, '2018-10-29 07:19:58', '2018-10-29 07:19:58'),
('596', '2', 'Stock - Chicken, White', NULL, NULL, '2018-10-29 07:19:58', '2018-10-29 07:19:58', NULL, '2018-10-29 07:19:58', '2018-10-29 07:19:58'),
('597', '2', 'Venison - Ground', NULL, NULL, '2018-10-29 07:19:58', '2018-10-29 07:19:58', NULL, '2018-10-29 07:19:58', '2018-10-29 07:19:58'),
('598', '3', 'Cheese - Woolwich Goat, Log', NULL, NULL, '2018-10-29 07:19:58', '2018-10-29 07:19:58', NULL, '2018-10-29 07:19:58', '2018-10-29 07:19:58'),
('599', '3', 'Kaffir Lime Leaves', NULL, NULL, '2018-10-29 07:19:58', '2018-10-29 07:19:58', NULL, '2018-10-29 07:19:58', '2018-10-29 07:19:58'),
('6', '5', 'Lemonade - Strawberry, 591 Ml', NULL, NULL, '2018-10-29 07:19:58', '2018-10-29 07:19:58', NULL, '2018-10-29 07:19:58', '2018-10-29 07:19:58'),
('60', '2', 'Crab - Meat Combo', NULL, NULL, '2018-10-29 07:19:58', '2018-10-29 07:19:58', NULL, '2018-10-29 07:19:58', '2018-10-29 07:19:58'),
('600', '5', 'Wine - Fino Tio Pepe Gonzalez', NULL, NULL, '2018-10-29 07:19:58', '2018-10-29 07:19:58', NULL, '2018-10-29 07:19:58', '2018-10-29 07:19:58'),
('601', '2', 'Sea Urchin', NULL, NULL, '2018-10-29 07:19:58', '2018-10-29 07:19:58', NULL, '2018-10-29 07:19:58', '2018-10-29 07:19:58'),
('602', '3', 'Oil - Shortening - All - Purpose', NULL, NULL, '2018-10-29 07:19:58', '2018-10-29 07:19:58', NULL, '2018-10-29 07:19:58', '2018-10-29 07:19:58'),
('603', '4', 'Cups 10oz Trans', NULL, NULL, '2018-10-29 07:19:58', '2018-10-29 07:19:58', NULL, '2018-10-29 07:19:58', '2018-10-29 07:19:58'),
('604', '1', 'Yogurt - Banana, 175 Gr', NULL, NULL, '2018-10-29 07:19:58', '2018-10-29 07:19:58', NULL, '2018-10-29 07:19:58', '2018-10-29 07:19:58'),
('605', '2', 'Sterno - Chafing Dish Fuel', NULL, NULL, '2018-10-29 07:19:58', '2018-10-29 07:19:58', NULL, '2018-10-29 07:19:58', '2018-10-29 07:19:58'),
('606', '5', 'Beer - Mcauslan Apricot', NULL, NULL, '2018-10-29 07:19:58', '2018-10-29 07:19:58', NULL, '2018-10-29 07:19:58', '2018-10-29 07:19:58'),
('607', '5', 'Oranges - Navel, 72', NULL, NULL, '2018-10-29 07:19:58', '2018-10-29 07:19:58', NULL, '2018-10-29 07:19:58', '2018-10-29 07:19:58'),
('608', '1', 'Onion - Dried', NULL, NULL, '2018-10-29 07:19:58', '2018-10-29 07:19:58', NULL, '2018-10-29 07:19:58', '2018-10-29 07:19:58'),
('609', '3', 'Buttons', NULL, NULL, '2018-10-29 07:19:58', '2018-10-29 07:19:58', NULL, '2018-10-29 07:19:58', '2018-10-29 07:19:58'),
('61', '5', 'Tea - Darjeeling, Azzura', NULL, NULL, '2018-10-29 07:19:58', '2018-10-29 07:19:58', NULL, '2018-10-29 07:19:58', '2018-10-29 07:19:58'),
('610', '1', 'Maintenance Removal Charge', NULL, NULL, '2018-10-29 07:19:58', '2018-10-29 07:19:58', NULL, '2018-10-29 07:19:58', '2018-10-29 07:19:58'),
('611', '1', 'Rice - Basmati', NULL, NULL, '2018-10-29 07:19:58', '2018-10-29 07:19:58', NULL, '2018-10-29 07:19:58', '2018-10-29 07:19:58'),
('612', '5', 'Cheese - Ermite Bleu', NULL, NULL, '2018-10-29 07:19:58', '2018-10-29 07:19:58', NULL, '2018-10-29 07:19:58', '2018-10-29 07:19:58'),
('613', '4', 'Chips - Assorted', NULL, NULL, '2018-10-29 07:19:58', '2018-10-29 07:19:58', NULL, '2018-10-29 07:19:58', '2018-10-29 07:19:58'),
('614', '5', 'Tomatoes - Vine Ripe, Red', NULL, NULL, '2018-10-29 07:19:58', '2018-10-29 07:19:58', NULL, '2018-10-29 07:19:58', '2018-10-29 07:19:58'),
('615', '3', 'Vinegar - Balsamic', NULL, NULL, '2018-10-29 07:19:58', '2018-10-29 07:19:58', NULL, '2018-10-29 07:19:58', '2018-10-29 07:19:58'),
('616', '5', 'Peach - Fresh', NULL, NULL, '2018-10-29 07:19:58', '2018-10-29 07:19:58', NULL, '2018-10-29 07:19:58', '2018-10-29 07:19:58'),
('617', '5', 'Olives - Nicoise', NULL, NULL, '2018-10-29 07:19:58', '2018-10-29 07:19:58', NULL, '2018-10-29 07:19:58', '2018-10-29 07:19:58'),
('618', '3', 'Potatoes - Peeled', NULL, NULL, '2018-10-29 07:19:58', '2018-10-29 07:19:58', NULL, '2018-10-29 07:19:58', '2018-10-29 07:19:58'),
('619', '2', 'Tea - Honey Green Tea', NULL, NULL, '2018-10-29 07:19:58', '2018-10-29 07:19:58', NULL, '2018-10-29 07:19:58', '2018-10-29 07:19:58'),
('62', '1', 'Fiddlehead - Frozen', NULL, NULL, '2018-10-29 07:19:58', '2018-10-29 07:19:58', NULL, '2018-10-29 07:19:58', '2018-10-29 07:19:58'),
('620', '2', 'Lamb - Shanks', NULL, NULL, '2018-10-29 07:19:58', '2018-10-29 07:19:58', NULL, '2018-10-29 07:19:58', '2018-10-29 07:19:58'),
('621', '4', 'Soup Campbells - Tomato Bisque', NULL, NULL, '2018-10-29 07:19:58', '2018-10-29 07:19:58', NULL, '2018-10-29 07:19:58', '2018-10-29 07:19:58'),
('622', '1', 'Plasticforkblack', NULL, NULL, '2018-10-29 07:19:58', '2018-10-29 07:19:58', NULL, '2018-10-29 07:19:58', '2018-10-29 07:19:58'),
('623', '5', 'Wine - Cotes Du Rhone Parallele', NULL, NULL, '2018-10-29 07:19:58', '2018-10-29 07:19:58', NULL, '2018-10-29 07:19:58', '2018-10-29 07:19:58'),
('624', '5', 'Trueblue - Blueberry', NULL, NULL, '2018-10-29 07:19:58', '2018-10-29 07:19:58', NULL, '2018-10-29 07:19:58', '2018-10-29 07:19:58'),
('625', '2', 'Crab - Back Fin Meat, Canned', NULL, NULL, '2018-10-29 07:19:58', '2018-10-29 07:19:58', NULL, '2018-10-29 07:19:58', '2018-10-29 07:19:58'),
('626', '1', 'Longos - Penne With Pesto', NULL, NULL, '2018-10-29 07:19:58', '2018-10-29 07:19:58', NULL, '2018-10-29 07:19:58', '2018-10-29 07:19:58'),
('627', '4', 'Apricots Fresh', NULL, NULL, '2018-10-29 07:19:58', '2018-10-29 07:19:58', NULL, '2018-10-29 07:19:58', '2018-10-29 07:19:58'),
('628', '2', 'Mop Head - Cotton, 24 Oz', NULL, NULL, '2018-10-29 07:19:58', '2018-10-29 07:19:58', NULL, '2018-10-29 07:19:58', '2018-10-29 07:19:58'),
('629', '4', 'Croissants Thaw And Serve', NULL, NULL, '2018-10-29 07:19:58', '2018-10-29 07:19:58', NULL, '2018-10-29 07:19:58', '2018-10-29 07:19:58'),
('63', '5', 'Butcher Twine 4r', NULL, NULL, '2018-10-29 07:19:58', '2018-10-29 07:19:58', NULL, '2018-10-29 07:19:58', '2018-10-29 07:19:58'),
('630', '3', 'Pork - Bacon, Sliced', NULL, NULL, '2018-10-29 07:19:58', '2018-10-29 07:19:58', NULL, '2018-10-29 07:19:58', '2018-10-29 07:19:58'),
('631', '5', 'Garam Masala Powder', NULL, NULL, '2018-10-29 07:19:58', '2018-10-29 07:19:58', NULL, '2018-10-29 07:19:58', '2018-10-29 07:19:58'),
('632', '2', 'Campari', NULL, NULL, '2018-10-29 07:19:58', '2018-10-29 07:19:58', NULL, '2018-10-29 07:19:58', '2018-10-29 07:19:58'),
('633', '3', 'Pasta - Lasagna Noodle, Frozen', NULL, NULL, '2018-10-29 07:19:58', '2018-10-29 07:19:58', NULL, '2018-10-29 07:19:58', '2018-10-29 07:19:58'),
('634', '2', 'Tomatoes - Roma', NULL, NULL, '2018-10-29 07:19:58', '2018-10-29 07:19:58', NULL, '2018-10-29 07:19:58', '2018-10-29 07:19:58'),
('635', '2', 'Wine - Red, Cabernet Merlot', NULL, NULL, '2018-10-29 07:19:58', '2018-10-29 07:19:58', NULL, '2018-10-29 07:19:58', '2018-10-29 07:19:58'),
('636', '5', 'Towels - Paper / Kraft', NULL, NULL, '2018-10-29 07:19:58', '2018-10-29 07:19:58', NULL, '2018-10-29 07:19:58', '2018-10-29 07:19:58'),
('637', '2', 'Appetizer - Assorted Box', NULL, NULL, '2018-10-29 07:19:58', '2018-10-29 07:19:58', NULL, '2018-10-29 07:19:58', '2018-10-29 07:19:58'),
('638', '1', 'Coriander - Ground', NULL, NULL, '2018-10-29 07:19:58', '2018-10-29 07:19:58', NULL, '2018-10-29 07:19:58', '2018-10-29 07:19:58'),
('639', '3', 'Lemonade - Mandarin, 591 Ml', NULL, NULL, '2018-10-29 07:19:58', '2018-10-29 07:19:58', NULL, '2018-10-29 07:19:58', '2018-10-29 07:19:58'),
('64', '2', 'Tequila Rose Cream Liquor', NULL, NULL, '2018-10-29 07:19:58', '2018-10-29 07:19:58', NULL, '2018-10-29 07:19:58', '2018-10-29 07:19:58'),
('640', '5', 'Tomatoes - Roma', NULL, NULL, '2018-10-29 07:19:58', '2018-10-29 07:19:58', NULL, '2018-10-29 07:19:58', '2018-10-29 07:19:58'),
('641', '3', 'Stock - Fish', NULL, NULL, '2018-10-29 07:19:58', '2018-10-29 07:19:58', NULL, '2018-10-29 07:19:58', '2018-10-29 07:19:58'),
('642', '2', 'Vinegar - Champagne', NULL, NULL, '2018-10-29 07:19:58', '2018-10-29 07:19:58', NULL, '2018-10-29 07:19:58', '2018-10-29 07:19:58'),
('643', '2', 'Muffin Mix - Banana Nut', NULL, NULL, '2018-10-29 07:19:58', '2018-10-29 07:19:58', NULL, '2018-10-29 07:19:58', '2018-10-29 07:19:58'),
('644', '1', 'Beer - Rickards Red', NULL, NULL, '2018-10-29 07:19:58', '2018-10-29 07:19:58', NULL, '2018-10-29 07:19:58', '2018-10-29 07:19:58'),
('645', '4', 'Sprouts - Corn', NULL, NULL, '2018-10-29 07:19:58', '2018-10-29 07:19:58', NULL, '2018-10-29 07:19:58', '2018-10-29 07:19:58'),
('646', '4', 'Pastry - Trippleberry Muffin - Mini', NULL, NULL, '2018-10-29 07:19:58', '2018-10-29 07:19:58', NULL, '2018-10-29 07:19:58', '2018-10-29 07:19:58'),
('647', '2', 'Bread - Pumpernickle, Rounds', NULL, NULL, '2018-10-29 07:19:58', '2018-10-29 07:19:58', NULL, '2018-10-29 07:19:58', '2018-10-29 07:19:58'),
('648', '2', 'Beans - Navy, Dry', NULL, NULL, '2018-10-29 07:19:58', '2018-10-29 07:19:58', NULL, '2018-10-29 07:19:58', '2018-10-29 07:19:58'),
('649', '5', 'Cheese - Mascarpone', NULL, NULL, '2018-10-29 07:19:58', '2018-10-29 07:19:58', NULL, '2018-10-29 07:19:58', '2018-10-29 07:19:58'),
('65', '5', 'Spic And Span All Purpose', NULL, NULL, '2018-10-29 07:19:58', '2018-10-29 07:19:58', NULL, '2018-10-29 07:19:58', '2018-10-29 07:19:58'),
('650', '3', 'Tea Leaves - Oolong', NULL, NULL, '2018-10-29 07:19:58', '2018-10-29 07:19:58', NULL, '2018-10-29 07:19:58', '2018-10-29 07:19:58'),
('651', '4', 'Beef - Rouladin, Sliced', NULL, NULL, '2018-10-29 07:19:58', '2018-10-29 07:19:58', NULL, '2018-10-29 07:19:58', '2018-10-29 07:19:58'),
('652', '3', 'Cream - 35%', NULL, NULL, '2018-10-29 07:19:58', '2018-10-29 07:19:58', NULL, '2018-10-29 07:19:58', '2018-10-29 07:19:58'),
('653', '5', 'Nut - Pine Nuts, Whole', NULL, NULL, '2018-10-29 07:19:58', '2018-10-29 07:19:58', NULL, '2018-10-29 07:19:58', '2018-10-29 07:19:58'),
('654', '2', 'Tequila Rose Cream Liquor', NULL, NULL, '2018-10-29 07:19:58', '2018-10-29 07:19:58', NULL, '2018-10-29 07:19:58', '2018-10-29 07:19:58'),
('655', '2', 'Pastrami', NULL, NULL, '2018-10-29 07:19:58', '2018-10-29 07:19:58', NULL, '2018-10-29 07:19:58', '2018-10-29 07:19:58'),
('656', '3', 'Tomatoes - Vine Ripe, Red', NULL, NULL, '2018-10-29 07:19:58', '2018-10-29 07:19:58', NULL, '2018-10-29 07:19:58', '2018-10-29 07:19:58'),
('657', '5', 'Wanton Wrap', NULL, NULL, '2018-10-29 07:19:58', '2018-10-29 07:19:58', NULL, '2018-10-29 07:19:58', '2018-10-29 07:19:58'),
('658', '4', 'Shallots', NULL, NULL, '2018-10-29 07:19:58', '2018-10-29 07:19:58', NULL, '2018-10-29 07:19:58', '2018-10-29 07:19:58'),
('659', '5', 'Creme De Menthe Green', NULL, NULL, '2018-10-29 07:19:58', '2018-10-29 07:19:58', NULL, '2018-10-29 07:19:58', '2018-10-29 07:19:58'),
('66', '1', 'Wine - Shiraz Wolf Blass Premium', NULL, NULL, '2018-10-29 07:19:58', '2018-10-29 07:19:58', NULL, '2018-10-29 07:19:58', '2018-10-29 07:19:58'),
('660', '5', 'Pate - Peppercorn', NULL, NULL, '2018-10-29 07:19:58', '2018-10-29 07:19:58', NULL, '2018-10-29 07:19:58', '2018-10-29 07:19:58'),
('661', '3', 'Brandy - Orange, Mc Guiness', NULL, NULL, '2018-10-29 07:19:58', '2018-10-29 07:19:58', NULL, '2018-10-29 07:19:58', '2018-10-29 07:19:58'),
('662', '4', 'Sponge Cake Mix - Vanilla', NULL, NULL, '2018-10-29 07:19:58', '2018-10-29 07:19:58', NULL, '2018-10-29 07:19:58', '2018-10-29 07:19:58'),
('663', '1', 'Chocolate - Dark', NULL, NULL, '2018-10-29 07:19:58', '2018-10-29 07:19:58', NULL, '2018-10-29 07:19:58', '2018-10-29 07:19:58'),
('664', '4', 'Beer - Mcauslan Apricot', NULL, NULL, '2018-10-29 07:19:58', '2018-10-29 07:19:58', NULL, '2018-10-29 07:19:58', '2018-10-29 07:19:58'),
('665', '1', 'Beer - Creemore', NULL, NULL, '2018-10-29 07:19:58', '2018-10-29 07:19:58', NULL, '2018-10-29 07:19:58', '2018-10-29 07:19:58'),
('666', '1', 'Ezy Change Mophandle', NULL, NULL, '2018-10-29 07:19:58', '2018-10-29 07:19:58', NULL, '2018-10-29 07:19:58', '2018-10-29 07:19:58'),
('667', '2', 'Lemonade - Black Cherry, 591 Ml', NULL, NULL, '2018-10-29 07:19:58', '2018-10-29 07:19:58', NULL, '2018-10-29 07:19:58', '2018-10-29 07:19:58'),
('668', '4', 'Wasabi Powder', NULL, NULL, '2018-10-29 07:19:58', '2018-10-29 07:19:58', NULL, '2018-10-29 07:19:58', '2018-10-29 07:19:58'),
('669', '4', 'Pasta - Detalini, White, Fresh', NULL, NULL, '2018-10-29 07:19:58', '2018-10-29 07:19:58', NULL, '2018-10-29 07:19:58', '2018-10-29 07:19:58'),
('67', '4', 'Pesto - Primerba, Paste', NULL, NULL, '2018-10-29 07:19:58', '2018-10-29 07:19:58', NULL, '2018-10-29 07:19:58', '2018-10-29 07:19:58'),
('670', '4', 'Bread - Frozen Basket Variety', NULL, NULL, '2018-10-29 07:19:58', '2018-10-29 07:19:58', NULL, '2018-10-29 07:19:58', '2018-10-29 07:19:58'),
('671', '2', 'Juice - Apple 284ml', NULL, NULL, '2018-10-29 07:19:58', '2018-10-29 07:19:58', NULL, '2018-10-29 07:19:58', '2018-10-29 07:19:58'),
('672', '1', 'Beef - Top Butt', NULL, NULL, '2018-10-29 07:19:58', '2018-10-29 07:19:58', NULL, '2018-10-29 07:19:58', '2018-10-29 07:19:58'),
('673', '1', 'Juice - Grapefruit, 341 Ml', NULL, NULL, '2018-10-29 07:19:58', '2018-10-29 07:19:58', NULL, '2018-10-29 07:19:58', '2018-10-29 07:19:58'),
('674', '2', 'Corn - Mini', NULL, NULL, '2018-10-29 07:19:58', '2018-10-29 07:19:58', NULL, '2018-10-29 07:19:58', '2018-10-29 07:19:58'),
('675', '4', 'Cheese - Gouda', NULL, NULL, '2018-10-29 07:19:58', '2018-10-29 07:19:58', NULL, '2018-10-29 07:19:58', '2018-10-29 07:19:58'),
('676', '1', 'Quinoa', NULL, NULL, '2018-10-29 07:19:58', '2018-10-29 07:19:58', NULL, '2018-10-29 07:19:58', '2018-10-29 07:19:58'),
('677', '5', 'Sponge Cake Mix - Vanilla', NULL, NULL, '2018-10-29 07:19:58', '2018-10-29 07:19:58', NULL, '2018-10-29 07:19:58', '2018-10-29 07:19:58'),
('678', '5', 'Apple - Custard', NULL, NULL, '2018-10-29 07:19:58', '2018-10-29 07:19:58', NULL, '2018-10-29 07:19:58', '2018-10-29 07:19:58'),
('679', '5', '7up Diet, 355 Ml', NULL, NULL, '2018-10-29 07:19:58', '2018-10-29 07:19:58', NULL, '2018-10-29 07:19:58', '2018-10-29 07:19:58'),
('68', '2', 'Apron', NULL, NULL, '2018-10-29 07:19:58', '2018-10-29 07:19:58', NULL, '2018-10-29 07:19:58', '2018-10-29 07:19:58'),
('680', '1', 'Bananas', NULL, NULL, '2018-10-29 07:19:58', '2018-10-29 07:19:58', NULL, '2018-10-29 07:19:58', '2018-10-29 07:19:58'),
('681', '3', 'Cake Slab', NULL, NULL, '2018-10-29 07:19:58', '2018-10-29 07:19:58', NULL, '2018-10-29 07:19:58', '2018-10-29 07:19:58'),
('682', '5', 'Shallots', NULL, NULL, '2018-10-29 07:19:58', '2018-10-29 07:19:58', NULL, '2018-10-29 07:19:58', '2018-10-29 07:19:58'),
('683', '1', 'Ecolab - Power Fusion', NULL, NULL, '2018-10-29 07:19:58', '2018-10-29 07:19:58', NULL, '2018-10-29 07:19:58', '2018-10-29 07:19:58'),
('684', '4', 'Soup Bowl Clear 8oz92008', NULL, NULL, '2018-10-29 07:19:58', '2018-10-29 07:19:58', NULL, '2018-10-29 07:19:58', '2018-10-29 07:19:58'),
('685', '3', 'Puree - Strawberry', NULL, NULL, '2018-10-29 07:19:58', '2018-10-29 07:19:58', NULL, '2018-10-29 07:19:58', '2018-10-29 07:19:58'),
('686', '4', 'Table Cloth 72x144 White', NULL, NULL, '2018-10-29 07:19:58', '2018-10-29 07:19:58', NULL, '2018-10-29 07:19:58', '2018-10-29 07:19:58'),
('687', '2', 'Lumpfish Black', NULL, NULL, '2018-10-29 07:19:58', '2018-10-29 07:19:58', NULL, '2018-10-29 07:19:58', '2018-10-29 07:19:58'),
('688', '5', 'Pepper - Orange', NULL, NULL, '2018-10-29 07:19:58', '2018-10-29 07:19:58', NULL, '2018-10-29 07:19:58', '2018-10-29 07:19:58'),
('689', '3', 'Nougat - Paste / Cream', NULL, NULL, '2018-10-29 07:19:58', '2018-10-29 07:19:58', NULL, '2018-10-29 07:19:58', '2018-10-29 07:19:58'),
('69', '4', 'Garbage Bags - Clear', NULL, NULL, '2018-10-29 07:19:58', '2018-10-29 07:19:58', NULL, '2018-10-29 07:19:58', '2018-10-29 07:19:58'),
('690', '3', 'Chocolate - Chips Compound', NULL, NULL, '2018-10-29 07:19:58', '2018-10-29 07:19:58', NULL, '2018-10-29 07:19:58', '2018-10-29 07:19:58'),
('691', '4', 'Chicken - Soup Base', NULL, NULL, '2018-10-29 07:19:58', '2018-10-29 07:19:58', NULL, '2018-10-29 07:19:58', '2018-10-29 07:19:58'),
('692', '1', 'Soup - Campbells Chicken', NULL, NULL, '2018-10-29 07:19:58', '2018-10-29 07:19:58', NULL, '2018-10-29 07:19:58', '2018-10-29 07:19:58'),
('693', '5', 'Zucchini - Yellow', NULL, NULL, '2018-10-29 07:19:58', '2018-10-29 07:19:58', NULL, '2018-10-29 07:19:58', '2018-10-29 07:19:58'),
('694', '3', 'Flour - Fast / Rapid', NULL, NULL, '2018-10-29 07:19:58', '2018-10-29 07:19:58', NULL, '2018-10-29 07:19:58', '2018-10-29 07:19:58'),
('695', '4', 'Cheese Cheddar Processed', NULL, NULL, '2018-10-29 07:19:58', '2018-10-29 07:19:58', NULL, '2018-10-29 07:19:58', '2018-10-29 07:19:58'),
('696', '3', 'Oregano - Fresh', NULL, NULL, '2018-10-29 07:19:58', '2018-10-29 07:19:58', NULL, '2018-10-29 07:19:58', '2018-10-29 07:19:58'),
('697', '1', 'Wine - Chenin Blanc K.w.v.', NULL, NULL, '2018-10-29 07:19:58', '2018-10-29 07:19:58', NULL, '2018-10-29 07:19:58', '2018-10-29 07:19:58'),
('698', '2', 'Lettuce - Lolla Rosa', NULL, NULL, '2018-10-29 07:19:58', '2018-10-29 07:19:58', NULL, '2018-10-29 07:19:58', '2018-10-29 07:19:58'),
('699', '2', 'Pectin', NULL, NULL, '2018-10-29 07:19:58', '2018-10-29 07:19:58', NULL, '2018-10-29 07:19:58', '2018-10-29 07:19:58'),
('7', '1', 'Extract - Almond', NULL, NULL, '2018-10-29 07:19:58', '2018-10-29 07:19:58', NULL, '2018-10-29 07:19:58', '2018-10-29 07:19:58'),
('70', '4', 'Coconut Milk - Unsweetened', NULL, NULL, '2018-10-29 07:19:58', '2018-10-29 07:19:58', NULL, '2018-10-29 07:19:58', '2018-10-29 07:19:58'),
('700', '3', 'Wine - Red, Marechal Foch', NULL, NULL, '2018-10-29 07:19:58', '2018-10-29 07:19:58', NULL, '2018-10-29 07:19:58', '2018-10-29 07:19:58'),
('701', '5', 'Venison - Liver', NULL, NULL, '2018-10-29 07:19:58', '2018-10-29 07:19:58', NULL, '2018-10-29 07:19:58', '2018-10-29 07:19:58'),
('702', '1', 'Wine - Lou Black Shiraz', NULL, NULL, '2018-10-29 07:19:58', '2018-10-29 07:19:58', NULL, '2018-10-29 07:19:58', '2018-10-29 07:19:58'),
('703', '2', 'Fib N9 - Prague Powder', NULL, NULL, '2018-10-29 07:19:58', '2018-10-29 07:19:58', NULL, '2018-10-29 07:19:58', '2018-10-29 07:19:58'),
('704', '2', 'Squash - Pattypan, Yellow', NULL, NULL, '2018-10-29 07:19:58', '2018-10-29 07:19:58', NULL, '2018-10-29 07:19:58', '2018-10-29 07:19:58'),
('705', '3', 'Beef - Roasted, Cooked', NULL, NULL, '2018-10-29 07:19:58', '2018-10-29 07:19:58', NULL, '2018-10-29 07:19:58', '2018-10-29 07:19:58'),
('706', '4', 'Mussels - Frozen', NULL, NULL, '2018-10-29 07:19:58', '2018-10-29 07:19:58', NULL, '2018-10-29 07:19:58', '2018-10-29 07:19:58'),
('707', '2', 'Cactus Pads', NULL, NULL, '2018-10-29 07:19:58', '2018-10-29 07:19:58', NULL, '2018-10-29 07:19:58', '2018-10-29 07:19:58'),
('708', '4', 'Chives - Fresh', NULL, NULL, '2018-10-29 07:19:58', '2018-10-29 07:19:58', NULL, '2018-10-29 07:19:58', '2018-10-29 07:19:58'),
('709', '5', 'Radish - Pickled', NULL, NULL, '2018-10-29 07:19:58', '2018-10-29 07:19:58', NULL, '2018-10-29 07:19:58', '2018-10-29 07:19:58'),
('71', '4', 'Calypso - Strawberry Lemonade', NULL, NULL, '2018-10-29 07:19:58', '2018-10-29 07:19:58', NULL, '2018-10-29 07:19:58', '2018-10-29 07:19:58');
INSERT INTO `products` (`Product_ID`, `Category_ID`, `Product_name`, `Product_cover`, `Additional_product_cover`, `Product_insert_at`, `Product_deleted_at`, `Product_description`, `created_at`, `updated_at`) VALUES
('710', '5', 'Wine - Red, Gamay Noir', NULL, NULL, '2018-10-29 07:19:58', '2018-10-29 07:19:58', NULL, '2018-10-29 07:19:58', '2018-10-29 07:19:58'),
('711', '3', 'Alize Sunset', NULL, NULL, '2018-10-29 07:19:58', '2018-10-29 07:19:58', NULL, '2018-10-29 07:19:58', '2018-10-29 07:19:58'),
('712', '1', 'Wine - Riesling Alsace Ac 2001', NULL, NULL, '2018-10-29 07:19:58', '2018-10-29 07:19:58', NULL, '2018-10-29 07:19:58', '2018-10-29 07:19:58'),
('713', '4', 'Pork - Butt, Boneless', NULL, NULL, '2018-10-29 07:19:58', '2018-10-29 07:19:58', NULL, '2018-10-29 07:19:58', '2018-10-29 07:19:58'),
('714', '2', 'Flounder - Fresh', NULL, NULL, '2018-10-29 07:19:58', '2018-10-29 07:19:58', NULL, '2018-10-29 07:19:58', '2018-10-29 07:19:58'),
('715', '2', 'Cheese - Augre Des Champs', NULL, NULL, '2018-10-29 07:19:58', '2018-10-29 07:19:58', NULL, '2018-10-29 07:19:58', '2018-10-29 07:19:58'),
('716', '5', 'Muffin Mix - Lemon Cranberry', NULL, NULL, '2018-10-29 07:19:58', '2018-10-29 07:19:58', NULL, '2018-10-29 07:19:58', '2018-10-29 07:19:58'),
('717', '3', 'Shrimp - Black Tiger 8 - 12', NULL, NULL, '2018-10-29 07:19:58', '2018-10-29 07:19:58', NULL, '2018-10-29 07:19:58', '2018-10-29 07:19:58'),
('718', '5', 'Cookies - Amaretto', NULL, NULL, '2018-10-29 07:19:58', '2018-10-29 07:19:58', NULL, '2018-10-29 07:19:58', '2018-10-29 07:19:58'),
('719', '3', 'Snapple - Mango Maddness', NULL, NULL, '2018-10-29 07:19:58', '2018-10-29 07:19:58', NULL, '2018-10-29 07:19:58', '2018-10-29 07:19:58'),
('72', '5', 'Sea Urchin', NULL, NULL, '2018-10-29 07:19:58', '2018-10-29 07:19:58', NULL, '2018-10-29 07:19:58', '2018-10-29 07:19:58'),
('720', '3', 'Doilies - 7, Paper', NULL, NULL, '2018-10-29 07:19:58', '2018-10-29 07:19:58', NULL, '2018-10-29 07:19:58', '2018-10-29 07:19:58'),
('721', '5', 'Pesto - Primerba, Paste', NULL, NULL, '2018-10-29 07:19:58', '2018-10-29 07:19:58', NULL, '2018-10-29 07:19:58', '2018-10-29 07:19:58'),
('722', '2', 'Wine - Mondavi Coastal Private', NULL, NULL, '2018-10-29 07:19:58', '2018-10-29 07:19:58', NULL, '2018-10-29 07:19:58', '2018-10-29 07:19:58'),
('723', '2', 'Bread - French Stick', NULL, NULL, '2018-10-29 07:19:58', '2018-10-29 07:19:58', NULL, '2018-10-29 07:19:58', '2018-10-29 07:19:58'),
('724', '3', 'Langers - Mango Nectar', NULL, NULL, '2018-10-29 07:19:58', '2018-10-29 07:19:58', NULL, '2018-10-29 07:19:58', '2018-10-29 07:19:58'),
('725', '5', 'Corn - Mini', NULL, NULL, '2018-10-29 07:19:58', '2018-10-29 07:19:58', NULL, '2018-10-29 07:19:58', '2018-10-29 07:19:58'),
('726', '5', 'Soup - Campbells Broccoli', NULL, NULL, '2018-10-29 07:19:58', '2018-10-29 07:19:58', NULL, '2018-10-29 07:19:58', '2018-10-29 07:19:58'),
('727', '3', 'Muffin - Mix - Strawberry Rhubarb', NULL, NULL, '2018-10-29 07:19:58', '2018-10-29 07:19:58', NULL, '2018-10-29 07:19:58', '2018-10-29 07:19:58'),
('728', '3', 'Cheese - Sheep Milk', NULL, NULL, '2018-10-29 07:19:58', '2018-10-29 07:19:58', NULL, '2018-10-29 07:19:58', '2018-10-29 07:19:58'),
('729', '5', 'Dill - Primerba, Paste', NULL, NULL, '2018-10-29 07:19:58', '2018-10-29 07:19:58', NULL, '2018-10-29 07:19:58', '2018-10-29 07:19:58'),
('73', '3', 'Pasta - Linguini, Dry', NULL, NULL, '2018-10-29 07:19:58', '2018-10-29 07:19:58', NULL, '2018-10-29 07:19:58', '2018-10-29 07:19:58'),
('730', '2', 'Beef - Chuck, Boneless', NULL, NULL, '2018-10-29 07:19:58', '2018-10-29 07:19:58', NULL, '2018-10-29 07:19:58', '2018-10-29 07:19:58'),
('731', '3', 'Plasticforkblack', NULL, NULL, '2018-10-29 07:19:58', '2018-10-29 07:19:58', NULL, '2018-10-29 07:19:58', '2018-10-29 07:19:58'),
('732', '4', 'Cake - Night And Day Choclate', NULL, NULL, '2018-10-29 07:19:58', '2018-10-29 07:19:58', NULL, '2018-10-29 07:19:58', '2018-10-29 07:19:58'),
('733', '3', 'Pears - Bartlett', NULL, NULL, '2018-10-29 07:19:58', '2018-10-29 07:19:58', NULL, '2018-10-29 07:19:58', '2018-10-29 07:19:58'),
('734', '3', 'Beef - Ox Tongue', NULL, NULL, '2018-10-29 07:19:58', '2018-10-29 07:19:58', NULL, '2018-10-29 07:19:58', '2018-10-29 07:19:58'),
('735', '5', 'Beef - Bones, Marrow', NULL, NULL, '2018-10-29 07:19:58', '2018-10-29 07:19:58', NULL, '2018-10-29 07:19:58', '2018-10-29 07:19:58'),
('736', '4', 'Arrowroot', NULL, NULL, '2018-10-29 07:19:58', '2018-10-29 07:19:58', NULL, '2018-10-29 07:19:58', '2018-10-29 07:19:58'),
('737', '1', 'Banana Turning', NULL, NULL, '2018-10-29 07:19:58', '2018-10-29 07:19:58', NULL, '2018-10-29 07:19:58', '2018-10-29 07:19:58'),
('738', '3', 'Kellogs Cereal In A Cup', NULL, NULL, '2018-10-29 07:19:58', '2018-10-29 07:19:58', NULL, '2018-10-29 07:19:58', '2018-10-29 07:19:58'),
('739', '5', 'Creme De Banane - Marie', NULL, NULL, '2018-10-29 07:19:58', '2018-10-29 07:19:58', NULL, '2018-10-29 07:19:58', '2018-10-29 07:19:58'),
('74', '5', 'Beans - Green', NULL, NULL, '2018-10-29 07:19:58', '2018-10-29 07:19:58', NULL, '2018-10-29 07:19:58', '2018-10-29 07:19:58'),
('740', '5', 'Pasta - Tortellini, Fresh', NULL, NULL, '2018-10-29 07:19:58', '2018-10-29 07:19:58', NULL, '2018-10-29 07:19:58', '2018-10-29 07:19:58'),
('741', '4', 'Cheese - Gorgonzola', NULL, NULL, '2018-10-29 07:19:58', '2018-10-29 07:19:58', NULL, '2018-10-29 07:19:58', '2018-10-29 07:19:58'),
('742', '1', 'Herb Du Provence - Primerba', NULL, NULL, '2018-10-29 07:19:58', '2018-10-29 07:19:58', NULL, '2018-10-29 07:19:58', '2018-10-29 07:19:58'),
('743', '1', 'Dates', NULL, NULL, '2018-10-29 07:19:58', '2018-10-29 07:19:58', NULL, '2018-10-29 07:19:58', '2018-10-29 07:19:58'),
('744', '5', 'Wine - White, Gewurtzraminer', NULL, NULL, '2018-10-29 07:19:58', '2018-10-29 07:19:58', NULL, '2018-10-29 07:19:58', '2018-10-29 07:19:58'),
('745', '5', 'Gooseberry', NULL, NULL, '2018-10-29 07:19:58', '2018-10-29 07:19:58', NULL, '2018-10-29 07:19:58', '2018-10-29 07:19:58'),
('746', '1', 'Cheese - La Sauvagine', NULL, NULL, '2018-10-29 07:19:58', '2018-10-29 07:19:58', NULL, '2018-10-29 07:19:58', '2018-10-29 07:19:58'),
('747', '2', 'Cheese - Asiago', NULL, NULL, '2018-10-29 07:19:58', '2018-10-29 07:19:58', NULL, '2018-10-29 07:19:58', '2018-10-29 07:19:58'),
('748', '4', 'Radish - Black, Winter, Organic', NULL, NULL, '2018-10-29 07:19:58', '2018-10-29 07:19:58', NULL, '2018-10-29 07:19:58', '2018-10-29 07:19:58'),
('749', '1', 'Wine - Placido Pinot Grigo', NULL, NULL, '2018-10-29 07:19:58', '2018-10-29 07:19:58', NULL, '2018-10-29 07:19:58', '2018-10-29 07:19:58'),
('75', '5', 'Yogurt - Raspberry, 175 Gr', NULL, NULL, '2018-10-29 07:19:58', '2018-10-29 07:19:58', NULL, '2018-10-29 07:19:58', '2018-10-29 07:19:58'),
('750', '2', 'Spring Roll Wrappers', NULL, NULL, '2018-10-29 07:19:58', '2018-10-29 07:19:58', NULL, '2018-10-29 07:19:58', '2018-10-29 07:19:58'),
('751', '3', 'Sherbet - Raspberry', NULL, NULL, '2018-10-29 07:19:58', '2018-10-29 07:19:58', NULL, '2018-10-29 07:19:58', '2018-10-29 07:19:58'),
('752', '2', 'Hagen Daza - Dk Choocolate', NULL, NULL, '2018-10-29 07:19:58', '2018-10-29 07:19:58', NULL, '2018-10-29 07:19:58', '2018-10-29 07:19:58'),
('753', '4', 'Foam Cup 6 Oz', NULL, NULL, '2018-10-29 07:19:58', '2018-10-29 07:19:58', NULL, '2018-10-29 07:19:58', '2018-10-29 07:19:58'),
('754', '2', 'Orange - Canned, Mandarin', NULL, NULL, '2018-10-29 07:19:58', '2018-10-29 07:19:58', NULL, '2018-10-29 07:19:58', '2018-10-29 07:19:58'),
('755', '1', 'Wine - Tribal Sauvignon', NULL, NULL, '2018-10-29 07:19:58', '2018-10-29 07:19:58', NULL, '2018-10-29 07:19:58', '2018-10-29 07:19:58'),
('756', '3', 'Sauce - Balsamic Viniagrette', NULL, NULL, '2018-10-29 07:19:58', '2018-10-29 07:19:58', NULL, '2018-10-29 07:19:58', '2018-10-29 07:19:58'),
('757', '5', 'Venison - Liver', NULL, NULL, '2018-10-29 07:19:58', '2018-10-29 07:19:58', NULL, '2018-10-29 07:19:58', '2018-10-29 07:19:58'),
('758', '3', 'Sauce - Black Current, Dry Mix', NULL, NULL, '2018-10-29 07:19:58', '2018-10-29 07:19:58', NULL, '2018-10-29 07:19:58', '2018-10-29 07:19:58'),
('759', '1', 'Wine - White Cab Sauv.on', NULL, NULL, '2018-10-29 07:19:58', '2018-10-29 07:19:58', NULL, '2018-10-29 07:19:58', '2018-10-29 07:19:58'),
('76', '1', 'Lamb - Sausage Casings', NULL, NULL, '2018-10-29 07:19:58', '2018-10-29 07:19:58', NULL, '2018-10-29 07:19:58', '2018-10-29 07:19:58'),
('760', '5', 'Wine - Prosecco Valdobienne', NULL, NULL, '2018-10-29 07:19:58', '2018-10-29 07:19:58', NULL, '2018-10-29 07:19:58', '2018-10-29 07:19:58'),
('761', '1', 'Capon - Whole', NULL, NULL, '2018-10-29 07:19:58', '2018-10-29 07:19:58', NULL, '2018-10-29 07:19:58', '2018-10-29 07:19:58'),
('762', '5', 'Table Cloth 54x72 Colour', NULL, NULL, '2018-10-29 07:19:58', '2018-10-29 07:19:58', NULL, '2018-10-29 07:19:58', '2018-10-29 07:19:58'),
('763', '2', 'Filo Dough', NULL, NULL, '2018-10-29 07:19:58', '2018-10-29 07:19:58', NULL, '2018-10-29 07:19:58', '2018-10-29 07:19:58'),
('764', '5', 'Calvados - Boulard', NULL, NULL, '2018-10-29 07:19:58', '2018-10-29 07:19:58', NULL, '2018-10-29 07:19:58', '2018-10-29 07:19:58'),
('765', '1', 'Canadian Emmenthal', NULL, NULL, '2018-10-29 07:19:58', '2018-10-29 07:19:58', NULL, '2018-10-29 07:19:58', '2018-10-29 07:19:58'),
('766', '1', 'Swordfish Loin Portions', NULL, NULL, '2018-10-29 07:19:58', '2018-10-29 07:19:58', NULL, '2018-10-29 07:19:58', '2018-10-29 07:19:58'),
('767', '4', 'Huck Towels White', NULL, NULL, '2018-10-29 07:19:58', '2018-10-29 07:19:58', NULL, '2018-10-29 07:19:58', '2018-10-29 07:19:58'),
('768', '3', 'Veal - Round, Eye Of', NULL, NULL, '2018-10-29 07:19:58', '2018-10-29 07:19:58', NULL, '2018-10-29 07:19:58', '2018-10-29 07:19:58'),
('769', '2', 'Pear - Asian', NULL, NULL, '2018-10-29 07:19:58', '2018-10-29 07:19:58', NULL, '2018-10-29 07:19:58', '2018-10-29 07:19:58'),
('77', '4', 'Cinnamon - Stick', NULL, NULL, '2018-10-29 07:19:58', '2018-10-29 07:19:58', NULL, '2018-10-29 07:19:58', '2018-10-29 07:19:58'),
('770', '4', 'Miso Paste White', NULL, NULL, '2018-10-29 07:19:58', '2018-10-29 07:19:58', NULL, '2018-10-29 07:19:58', '2018-10-29 07:19:58'),
('771', '1', 'Praline Paste', NULL, NULL, '2018-10-29 07:19:58', '2018-10-29 07:19:58', NULL, '2018-10-29 07:19:58', '2018-10-29 07:19:58'),
('772', '2', 'Wine - Red, Metus Rose', NULL, NULL, '2018-10-29 07:19:58', '2018-10-29 07:19:58', NULL, '2018-10-29 07:19:58', '2018-10-29 07:19:58'),
('773', '5', 'Pickle - Dill', NULL, NULL, '2018-10-29 07:19:58', '2018-10-29 07:19:58', NULL, '2018-10-29 07:19:58', '2018-10-29 07:19:58'),
('774', '3', 'Dome Lid Clear P92008h', NULL, NULL, '2018-10-29 07:19:58', '2018-10-29 07:19:58', NULL, '2018-10-29 07:19:58', '2018-10-29 07:19:58'),
('775', '3', 'Beans - Butter Lrg Lima', NULL, NULL, '2018-10-29 07:19:58', '2018-10-29 07:19:58', NULL, '2018-10-29 07:19:58', '2018-10-29 07:19:58'),
('776', '4', 'Mace', NULL, NULL, '2018-10-29 07:19:58', '2018-10-29 07:19:58', NULL, '2018-10-29 07:19:58', '2018-10-29 07:19:58'),
('777', '1', 'Stock - Fish', NULL, NULL, '2018-10-29 07:19:58', '2018-10-29 07:19:58', NULL, '2018-10-29 07:19:58', '2018-10-29 07:19:58'),
('778', '3', 'Filo Dough', NULL, NULL, '2018-10-29 07:19:58', '2018-10-29 07:19:58', NULL, '2018-10-29 07:19:58', '2018-10-29 07:19:58'),
('779', '4', 'Mushroom - Shitake, Fresh', NULL, NULL, '2018-10-29 07:19:58', '2018-10-29 07:19:58', NULL, '2018-10-29 07:19:58', '2018-10-29 07:19:58'),
('78', '5', 'Ecolab - Hobart Washarm End Cap', NULL, NULL, '2018-10-29 07:19:58', '2018-10-29 07:19:58', NULL, '2018-10-29 07:19:58', '2018-10-29 07:19:58'),
('780', '3', 'Tomatoes - Orange', NULL, NULL, '2018-10-29 07:19:58', '2018-10-29 07:19:58', NULL, '2018-10-29 07:19:58', '2018-10-29 07:19:58'),
('781', '5', 'Yogurt - Peach, 175 Gr', NULL, NULL, '2018-10-29 07:19:58', '2018-10-29 07:19:58', NULL, '2018-10-29 07:19:58', '2018-10-29 07:19:58'),
('782', '3', 'Ecolab - Power Fusion', NULL, NULL, '2018-10-29 07:19:58', '2018-10-29 07:19:58', NULL, '2018-10-29 07:19:58', '2018-10-29 07:19:58'),
('783', '2', 'Containter - 3oz Microwave Rect.', NULL, NULL, '2018-10-29 07:19:58', '2018-10-29 07:19:58', NULL, '2018-10-29 07:19:58', '2018-10-29 07:19:58'),
('784', '5', 'Dasheen', NULL, NULL, '2018-10-29 07:19:58', '2018-10-29 07:19:58', NULL, '2018-10-29 07:19:58', '2018-10-29 07:19:58'),
('785', '3', 'Curry Paste - Green Masala', NULL, NULL, '2018-10-29 07:19:58', '2018-10-29 07:19:58', NULL, '2018-10-29 07:19:58', '2018-10-29 07:19:58'),
('786', '5', 'Syrup - Monin - Passion Fruit', NULL, NULL, '2018-10-29 07:19:58', '2018-10-29 07:19:58', NULL, '2018-10-29 07:19:58', '2018-10-29 07:19:58'),
('787', '1', 'Dasheen', NULL, NULL, '2018-10-29 07:19:58', '2018-10-29 07:19:58', NULL, '2018-10-29 07:19:58', '2018-10-29 07:19:58'),
('788', '3', 'Pasta - Angel Hair', NULL, NULL, '2018-10-29 07:19:58', '2018-10-29 07:19:58', NULL, '2018-10-29 07:19:58', '2018-10-29 07:19:58'),
('789', '4', 'Greens Mustard', NULL, NULL, '2018-10-29 07:19:58', '2018-10-29 07:19:58', NULL, '2018-10-29 07:19:58', '2018-10-29 07:19:58'),
('79', '2', 'Pork - Side Ribs', NULL, NULL, '2018-10-29 07:19:58', '2018-10-29 07:19:58', NULL, '2018-10-29 07:19:58', '2018-10-29 07:19:58'),
('790', '1', 'Foam Dinner Plate', NULL, NULL, '2018-10-29 07:19:58', '2018-10-29 07:19:58', NULL, '2018-10-29 07:19:58', '2018-10-29 07:19:58'),
('791', '1', 'Silicone Parch. 16.3x24.3', NULL, NULL, '2018-10-29 07:19:58', '2018-10-29 07:19:58', NULL, '2018-10-29 07:19:58', '2018-10-29 07:19:58'),
('792', '4', 'Wine - Spumante Bambino White', NULL, NULL, '2018-10-29 07:19:58', '2018-10-29 07:19:58', NULL, '2018-10-29 07:19:58', '2018-10-29 07:19:58'),
('793', '2', 'Kumquat', NULL, NULL, '2018-10-29 07:19:58', '2018-10-29 07:19:58', NULL, '2018-10-29 07:19:58', '2018-10-29 07:19:58'),
('794', '1', 'Trout - Hot Smkd, Dbl Fillet', NULL, NULL, '2018-10-29 07:19:58', '2018-10-29 07:19:58', NULL, '2018-10-29 07:19:58', '2018-10-29 07:19:58'),
('795', '1', 'Shrimp - 16/20, Peeled Deviened', NULL, NULL, '2018-10-29 07:19:58', '2018-10-29 07:19:58', NULL, '2018-10-29 07:19:58', '2018-10-29 07:19:58'),
('796', '5', 'Flavouring - Rum', NULL, NULL, '2018-10-29 07:19:58', '2018-10-29 07:19:58', NULL, '2018-10-29 07:19:58', '2018-10-29 07:19:58'),
('797', '1', 'Veal - Inside', NULL, NULL, '2018-10-29 07:19:58', '2018-10-29 07:19:58', NULL, '2018-10-29 07:19:58', '2018-10-29 07:19:58'),
('798', '1', 'Cheese - Havarti, Roasted Garlic', NULL, NULL, '2018-10-29 07:19:58', '2018-10-29 07:19:58', NULL, '2018-10-29 07:19:58', '2018-10-29 07:19:58'),
('799', '2', 'Tea - Herbal - 6 Asst', NULL, NULL, '2018-10-29 07:19:58', '2018-10-29 07:19:58', NULL, '2018-10-29 07:19:58', '2018-10-29 07:19:58'),
('8', '4', 'Crush - Cream Soda', NULL, NULL, '2018-10-29 07:19:58', '2018-10-29 07:19:58', NULL, '2018-10-29 07:19:58', '2018-10-29 07:19:58'),
('80', '4', 'Dehydrated Kelp Kombo', NULL, NULL, '2018-10-29 07:19:58', '2018-10-29 07:19:58', NULL, '2018-10-29 07:19:58', '2018-10-29 07:19:58'),
('800', '2', 'Swiss Chard - Red', NULL, NULL, '2018-10-29 07:19:58', '2018-10-29 07:19:58', NULL, '2018-10-29 07:19:58', '2018-10-29 07:19:58'),
('801', '1', 'Squid - U - 10 Thailand', NULL, NULL, '2018-10-29 07:19:58', '2018-10-29 07:19:58', NULL, '2018-10-29 07:19:58', '2018-10-29 07:19:58'),
('802', '1', 'Bread - White, Unsliced', NULL, NULL, '2018-10-29 07:19:58', '2018-10-29 07:19:58', NULL, '2018-10-29 07:19:58', '2018-10-29 07:19:58'),
('803', '2', 'Pepper Squash', NULL, NULL, '2018-10-29 07:19:58', '2018-10-29 07:19:58', NULL, '2018-10-29 07:19:58', '2018-10-29 07:19:58'),
('804', '2', 'Guinea Fowl', NULL, NULL, '2018-10-29 07:19:58', '2018-10-29 07:19:58', NULL, '2018-10-29 07:19:58', '2018-10-29 07:19:58'),
('805', '4', 'Bols Melon Liqueur', NULL, NULL, '2018-10-29 07:19:58', '2018-10-29 07:19:58', NULL, '2018-10-29 07:19:58', '2018-10-29 07:19:58'),
('806', '2', 'Kumquat', NULL, NULL, '2018-10-29 07:19:58', '2018-10-29 07:19:58', NULL, '2018-10-29 07:19:58', '2018-10-29 07:19:58'),
('807', '2', 'Snapple - Iced Tea Peach', NULL, NULL, '2018-10-29 07:19:58', '2018-10-29 07:19:58', NULL, '2018-10-29 07:19:58', '2018-10-29 07:19:58'),
('808', '4', 'Squid - U 5', NULL, NULL, '2018-10-29 07:19:58', '2018-10-29 07:19:58', NULL, '2018-10-29 07:19:58', '2018-10-29 07:19:58'),
('809', '3', 'Sobe - Cranberry Grapefruit', NULL, NULL, '2018-10-29 07:19:58', '2018-10-29 07:19:58', NULL, '2018-10-29 07:19:58', '2018-10-29 07:19:58'),
('81', '2', 'Scallop - St. Jaques', NULL, NULL, '2018-10-29 07:19:58', '2018-10-29 07:19:58', NULL, '2018-10-29 07:19:58', '2018-10-29 07:19:58'),
('810', '1', 'Veal - Loin', NULL, NULL, '2018-10-29 07:19:58', '2018-10-29 07:19:58', NULL, '2018-10-29 07:19:58', '2018-10-29 07:19:58'),
('811', '4', 'Syrup - Monin - Granny Smith', NULL, NULL, '2018-10-29 07:19:58', '2018-10-29 07:19:58', NULL, '2018-10-29 07:19:58', '2018-10-29 07:19:58'),
('812', '2', 'Orange - Blood', NULL, NULL, '2018-10-29 07:19:58', '2018-10-29 07:19:58', NULL, '2018-10-29 07:19:58', '2018-10-29 07:19:58'),
('813', '4', 'Bread - Pullman, Sliced', NULL, NULL, '2018-10-29 07:19:58', '2018-10-29 07:19:58', NULL, '2018-10-29 07:19:58', '2018-10-29 07:19:58'),
('814', '3', 'Icecream - Dstk Strw Chseck', NULL, NULL, '2018-10-29 07:19:58', '2018-10-29 07:19:58', NULL, '2018-10-29 07:19:58', '2018-10-29 07:19:58'),
('815', '5', 'Rum - Spiced, Captain Morgan', NULL, NULL, '2018-10-29 07:19:58', '2018-10-29 07:19:58', NULL, '2018-10-29 07:19:58', '2018-10-29 07:19:58'),
('816', '2', 'Kiwano', NULL, NULL, '2018-10-29 07:19:58', '2018-10-29 07:19:58', NULL, '2018-10-29 07:19:58', '2018-10-29 07:19:58'),
('817', '5', 'Lighter - Bbq', NULL, NULL, '2018-10-29 07:19:58', '2018-10-29 07:19:58', NULL, '2018-10-29 07:19:58', '2018-10-29 07:19:58'),
('818', '1', 'Crab - Back Fin Meat, Canned', NULL, NULL, '2018-10-29 07:19:58', '2018-10-29 07:19:58', NULL, '2018-10-29 07:19:58', '2018-10-29 07:19:58'),
('819', '5', 'Chinese Foods - Plain Fried Rice', NULL, NULL, '2018-10-29 07:19:58', '2018-10-29 07:19:58', NULL, '2018-10-29 07:19:58', '2018-10-29 07:19:58'),
('82', '3', 'Pork - Smoked Back Bacon', NULL, NULL, '2018-10-29 07:19:58', '2018-10-29 07:19:58', NULL, '2018-10-29 07:19:58', '2018-10-29 07:19:58'),
('820', '2', 'Bandage - Flexible Neon', NULL, NULL, '2018-10-29 07:19:58', '2018-10-29 07:19:58', NULL, '2018-10-29 07:19:58', '2018-10-29 07:19:58'),
('821', '4', 'Bread - Roll, Whole Wheat', NULL, NULL, '2018-10-29 07:19:58', '2018-10-29 07:19:58', NULL, '2018-10-29 07:19:58', '2018-10-29 07:19:58'),
('822', '2', 'Myers Planters Punch', NULL, NULL, '2018-10-29 07:19:58', '2018-10-29 07:19:58', NULL, '2018-10-29 07:19:58', '2018-10-29 07:19:58'),
('823', '2', 'Container - Foam Dixie 12 Oz', NULL, NULL, '2018-10-29 07:19:58', '2018-10-29 07:19:58', NULL, '2018-10-29 07:19:58', '2018-10-29 07:19:58'),
('824', '1', 'Lettuce - Red Leaf', NULL, NULL, '2018-10-29 07:19:58', '2018-10-29 07:19:58', NULL, '2018-10-29 07:19:58', '2018-10-29 07:19:58'),
('825', '5', 'Rabbit - Whole', NULL, NULL, '2018-10-29 07:19:58', '2018-10-29 07:19:58', NULL, '2018-10-29 07:19:58', '2018-10-29 07:19:58'),
('826', '2', 'Wine - Vineland Estate Semi - Dry', NULL, NULL, '2018-10-29 07:19:58', '2018-10-29 07:19:58', NULL, '2018-10-29 07:19:58', '2018-10-29 07:19:58'),
('827', '1', 'Pasta - Rotini, Colour, Dry', NULL, NULL, '2018-10-29 07:19:58', '2018-10-29 07:19:58', NULL, '2018-10-29 07:19:58', '2018-10-29 07:19:58'),
('828', '2', 'Cheese - Brie, Cups 125g', NULL, NULL, '2018-10-29 07:19:58', '2018-10-29 07:19:58', NULL, '2018-10-29 07:19:58', '2018-10-29 07:19:58'),
('829', '3', 'Grapefruit - Pink', NULL, NULL, '2018-10-29 07:19:58', '2018-10-29 07:19:58', NULL, '2018-10-29 07:19:58', '2018-10-29 07:19:58'),
('83', '2', 'Tilapia - Fillets', NULL, NULL, '2018-10-29 07:19:58', '2018-10-29 07:19:58', NULL, '2018-10-29 07:19:58', '2018-10-29 07:19:58'),
('830', '1', 'Flour - Corn, Fine', NULL, NULL, '2018-10-29 07:19:58', '2018-10-29 07:19:58', NULL, '2018-10-29 07:19:58', '2018-10-29 07:19:58'),
('831', '2', 'Spaghetti Squash', NULL, NULL, '2018-10-29 07:19:58', '2018-10-29 07:19:58', NULL, '2018-10-29 07:19:58', '2018-10-29 07:19:58'),
('832', '1', 'Bread - Triangle White', NULL, NULL, '2018-10-29 07:19:58', '2018-10-29 07:19:58', NULL, '2018-10-29 07:19:58', '2018-10-29 07:19:58'),
('833', '4', 'Tomato - Peeled Italian Canned', NULL, NULL, '2018-10-29 07:19:58', '2018-10-29 07:19:58', NULL, '2018-10-29 07:19:58', '2018-10-29 07:19:58'),
('834', '2', 'Lid Coffee Cup 8oz Blk', NULL, NULL, '2018-10-29 07:19:58', '2018-10-29 07:19:58', NULL, '2018-10-29 07:19:58', '2018-10-29 07:19:58'),
('835', '1', 'Soup Campbells - Tomato Bisque', NULL, NULL, '2018-10-29 07:19:58', '2018-10-29 07:19:58', NULL, '2018-10-29 07:19:58', '2018-10-29 07:19:58'),
('836', '5', 'Mustard - Dry, Powder', NULL, NULL, '2018-10-29 07:19:58', '2018-10-29 07:19:58', NULL, '2018-10-29 07:19:58', '2018-10-29 07:19:58'),
('837', '5', 'Apron', NULL, NULL, '2018-10-29 07:19:58', '2018-10-29 07:19:58', NULL, '2018-10-29 07:19:58', '2018-10-29 07:19:58'),
('838', '1', 'Cheese - Cheddar, Mild', NULL, NULL, '2018-10-29 07:19:58', '2018-10-29 07:19:58', NULL, '2018-10-29 07:19:58', '2018-10-29 07:19:58'),
('839', '1', 'Table Cloth 53x53 White', NULL, NULL, '2018-10-29 07:19:58', '2018-10-29 07:19:58', NULL, '2018-10-29 07:19:58', '2018-10-29 07:19:58'),
('84', '5', 'Pork - Sausage Casing', NULL, NULL, '2018-10-29 07:19:58', '2018-10-29 07:19:58', NULL, '2018-10-29 07:19:58', '2018-10-29 07:19:58'),
('840', '4', 'Wine - Pinot Noir Mondavi Coastal', NULL, NULL, '2018-10-29 07:19:58', '2018-10-29 07:19:58', NULL, '2018-10-29 07:19:58', '2018-10-29 07:19:58'),
('841', '4', 'Cherries - Bing, Canned', NULL, NULL, '2018-10-29 07:19:58', '2018-10-29 07:19:58', NULL, '2018-10-29 07:19:58', '2018-10-29 07:19:58'),
('842', '2', 'Oil - Shortening,liqud, Fry', NULL, NULL, '2018-10-29 07:19:58', '2018-10-29 07:19:58', NULL, '2018-10-29 07:19:58', '2018-10-29 07:19:58'),
('843', '5', 'Juice - Ocean Spray Kiwi', NULL, NULL, '2018-10-29 07:19:58', '2018-10-29 07:19:58', NULL, '2018-10-29 07:19:58', '2018-10-29 07:19:58'),
('844', '3', 'Pernod', NULL, NULL, '2018-10-29 07:19:58', '2018-10-29 07:19:58', NULL, '2018-10-29 07:19:58', '2018-10-29 07:19:58'),
('845', '5', 'Food Colouring - Green', NULL, NULL, '2018-10-29 07:19:58', '2018-10-29 07:19:58', NULL, '2018-10-29 07:19:58', '2018-10-29 07:19:58'),
('846', '1', 'Tea - Herbal - 6 Asst', NULL, NULL, '2018-10-29 07:19:58', '2018-10-29 07:19:58', NULL, '2018-10-29 07:19:58', '2018-10-29 07:19:58'),
('847', '1', 'Pork - Sausage Casing', NULL, NULL, '2018-10-29 07:19:58', '2018-10-29 07:19:58', NULL, '2018-10-29 07:19:58', '2018-10-29 07:19:58'),
('848', '2', 'Papayas', NULL, NULL, '2018-10-29 07:19:58', '2018-10-29 07:19:58', NULL, '2018-10-29 07:19:58', '2018-10-29 07:19:58'),
('849', '2', 'Cauliflower', NULL, NULL, '2018-10-29 07:19:58', '2018-10-29 07:19:58', NULL, '2018-10-29 07:19:58', '2018-10-29 07:19:58'),
('85', '4', 'Cheese - Cheddar With Claret', NULL, NULL, '2018-10-29 07:19:58', '2018-10-29 07:19:58', NULL, '2018-10-29 07:19:58', '2018-10-29 07:19:58'),
('850', '3', 'Bagel - Everything', NULL, NULL, '2018-10-29 07:19:58', '2018-10-29 07:19:58', NULL, '2018-10-29 07:19:58', '2018-10-29 07:19:58'),
('851', '3', 'Soup V8 Roasted Red Pepper', NULL, NULL, '2018-10-29 07:19:58', '2018-10-29 07:19:58', NULL, '2018-10-29 07:19:58', '2018-10-29 07:19:58'),
('852', '1', 'Wine - Chateau Aqueria Tavel', NULL, NULL, '2018-10-29 07:19:58', '2018-10-29 07:19:58', NULL, '2018-10-29 07:19:58', '2018-10-29 07:19:58'),
('853', '3', 'Wine - Cave Springs Dry Riesling', NULL, NULL, '2018-10-29 07:19:58', '2018-10-29 07:19:58', NULL, '2018-10-29 07:19:58', '2018-10-29 07:19:58'),
('854', '3', 'Sambuca - Opal Nera', NULL, NULL, '2018-10-29 07:19:58', '2018-10-29 07:19:58', NULL, '2018-10-29 07:19:58', '2018-10-29 07:19:58'),
('855', '3', 'Pork - Loin, Center Cut', NULL, NULL, '2018-10-29 07:19:58', '2018-10-29 07:19:58', NULL, '2018-10-29 07:19:58', '2018-10-29 07:19:58'),
('856', '5', 'Turkey - Breast, Smoked', NULL, NULL, '2018-10-29 07:19:58', '2018-10-29 07:19:58', NULL, '2018-10-29 07:19:58', '2018-10-29 07:19:58'),
('857', '5', 'Squash - Pattypan, Yellow', NULL, NULL, '2018-10-29 07:19:58', '2018-10-29 07:19:58', NULL, '2018-10-29 07:19:58', '2018-10-29 07:19:58'),
('858', '2', 'Cheese - Montery Jack', NULL, NULL, '2018-10-29 07:19:58', '2018-10-29 07:19:58', NULL, '2018-10-29 07:19:58', '2018-10-29 07:19:58'),
('859', '1', 'Oven Mitt - 13 Inch', NULL, NULL, '2018-10-29 07:19:58', '2018-10-29 07:19:58', NULL, '2018-10-29 07:19:58', '2018-10-29 07:19:58'),
('86', '2', 'Creamers - 10%', NULL, NULL, '2018-10-29 07:19:58', '2018-10-29 07:19:58', NULL, '2018-10-29 07:19:58', '2018-10-29 07:19:58'),
('860', '4', 'Beans - French', NULL, NULL, '2018-10-29 07:19:58', '2018-10-29 07:19:58', NULL, '2018-10-29 07:19:58', '2018-10-29 07:19:58'),
('861', '3', 'Corn Meal', NULL, NULL, '2018-10-29 07:19:58', '2018-10-29 07:19:58', NULL, '2018-10-29 07:19:58', '2018-10-29 07:19:58'),
('862', '3', 'Pastry - Trippleberry Muffin - Mini', NULL, NULL, '2018-10-29 07:19:58', '2018-10-29 07:19:58', NULL, '2018-10-29 07:19:58', '2018-10-29 07:19:58'),
('863', '4', 'Turkey - Ground. Lean', NULL, NULL, '2018-10-29 07:19:58', '2018-10-29 07:19:58', NULL, '2018-10-29 07:19:58', '2018-10-29 07:19:58'),
('864', '2', 'Pickerel - Fillets', NULL, NULL, '2018-10-29 07:19:58', '2018-10-29 07:19:58', NULL, '2018-10-29 07:19:58', '2018-10-29 07:19:58'),
('865', '1', 'Glass Clear 7 Oz Xl', NULL, NULL, '2018-10-29 07:19:58', '2018-10-29 07:19:58', NULL, '2018-10-29 07:19:58', '2018-10-29 07:19:58'),
('866', '2', 'Whmis - Spray Bottle Trigger', NULL, NULL, '2018-10-29 07:19:58', '2018-10-29 07:19:58', NULL, '2018-10-29 07:19:58', '2018-10-29 07:19:58'),
('867', '1', 'Pepper - Cubanelle', NULL, NULL, '2018-10-29 07:19:58', '2018-10-29 07:19:58', NULL, '2018-10-29 07:19:58', '2018-10-29 07:19:58'),
('868', '1', 'Tea - Jasmin Green', NULL, NULL, '2018-10-29 07:19:58', '2018-10-29 07:19:58', NULL, '2018-10-29 07:19:58', '2018-10-29 07:19:58'),
('869', '4', 'Soup - Campbells Mushroom', NULL, NULL, '2018-10-29 07:19:58', '2018-10-29 07:19:58', NULL, '2018-10-29 07:19:58', '2018-10-29 07:19:58'),
('87', '4', 'Soup - Knorr, Chicken Gumbo', NULL, NULL, '2018-10-29 07:19:58', '2018-10-29 07:19:58', NULL, '2018-10-29 07:19:58', '2018-10-29 07:19:58'),
('870', '5', 'Crab Meat Claw Pasteurise', NULL, NULL, '2018-10-29 07:19:58', '2018-10-29 07:19:58', NULL, '2018-10-29 07:19:58', '2018-10-29 07:19:58'),
('871', '1', 'Icecream Bar - Del Monte', NULL, NULL, '2018-10-29 07:19:58', '2018-10-29 07:19:58', NULL, '2018-10-29 07:19:58', '2018-10-29 07:19:58'),
('872', '2', 'Spice - Montreal Steak Spice', NULL, NULL, '2018-10-29 07:19:58', '2018-10-29 07:19:58', NULL, '2018-10-29 07:19:58', '2018-10-29 07:19:58'),
('873', '4', 'Tea - Vanilla Chai', NULL, NULL, '2018-10-29 07:19:58', '2018-10-29 07:19:58', NULL, '2018-10-29 07:19:58', '2018-10-29 07:19:58'),
('874', '3', 'Edible Flower - Mixed', NULL, NULL, '2018-10-29 07:19:58', '2018-10-29 07:19:58', NULL, '2018-10-29 07:19:58', '2018-10-29 07:19:58'),
('875', '3', 'Soho Lychee Liqueur', NULL, NULL, '2018-10-29 07:19:58', '2018-10-29 07:19:58', NULL, '2018-10-29 07:19:58', '2018-10-29 07:19:58'),
('876', '5', 'Cookies - Assorted', NULL, NULL, '2018-10-29 07:19:58', '2018-10-29 07:19:58', NULL, '2018-10-29 07:19:58', '2018-10-29 07:19:58'),
('877', '1', 'Bread - Dark Rye, Loaf', NULL, NULL, '2018-10-29 07:19:58', '2018-10-29 07:19:58', NULL, '2018-10-29 07:19:58', '2018-10-29 07:19:58'),
('878', '3', 'Wine - Sicilia Igt Nero Avola', NULL, NULL, '2018-10-29 07:19:58', '2018-10-29 07:19:58', NULL, '2018-10-29 07:19:58', '2018-10-29 07:19:58'),
('879', '4', 'Sandwich Wrap', NULL, NULL, '2018-10-29 07:19:58', '2018-10-29 07:19:58', NULL, '2018-10-29 07:19:58', '2018-10-29 07:19:58'),
('88', '3', 'Wine - Niagara,vqa Reisling', NULL, NULL, '2018-10-29 07:19:58', '2018-10-29 07:19:58', NULL, '2018-10-29 07:19:58', '2018-10-29 07:19:58'),
('880', '4', 'Goat - Leg', NULL, NULL, '2018-10-29 07:19:58', '2018-10-29 07:19:58', NULL, '2018-10-29 07:19:58', '2018-10-29 07:19:58'),
('881', '1', 'Pears - Fiorelle', NULL, NULL, '2018-10-29 07:19:58', '2018-10-29 07:19:58', NULL, '2018-10-29 07:19:58', '2018-10-29 07:19:58'),
('882', '1', 'Lamb - Whole, Fresh', NULL, NULL, '2018-10-29 07:19:58', '2018-10-29 07:19:58', NULL, '2018-10-29 07:19:58', '2018-10-29 07:19:58'),
('883', '3', 'Carroway Seed', NULL, NULL, '2018-10-29 07:19:58', '2018-10-29 07:19:58', NULL, '2018-10-29 07:19:58', '2018-10-29 07:19:58'),
('884', '4', 'Bread - Roll, Canadian Dinner', NULL, NULL, '2018-10-29 07:19:58', '2018-10-29 07:19:58', NULL, '2018-10-29 07:19:58', '2018-10-29 07:19:58'),
('885', '3', 'Chinese Foods - Pepper Beef', NULL, NULL, '2018-10-29 07:19:58', '2018-10-29 07:19:58', NULL, '2018-10-29 07:19:58', '2018-10-29 07:19:58'),
('886', '3', 'Fennel - Seeds', NULL, NULL, '2018-10-29 07:19:58', '2018-10-29 07:19:58', NULL, '2018-10-29 07:19:58', '2018-10-29 07:19:58'),
('887', '3', 'Salmon - Atlantic, No Skin', NULL, NULL, '2018-10-29 07:19:58', '2018-10-29 07:19:58', NULL, '2018-10-29 07:19:58', '2018-10-29 07:19:58'),
('888', '3', 'Vinegar - Champagne', NULL, NULL, '2018-10-29 07:19:58', '2018-10-29 07:19:58', NULL, '2018-10-29 07:19:58', '2018-10-29 07:19:58'),
('889', '1', 'Wine - Red, Cooking', NULL, NULL, '2018-10-29 07:19:58', '2018-10-29 07:19:58', NULL, '2018-10-29 07:19:58', '2018-10-29 07:19:58'),
('89', '5', 'Compound - Rum', NULL, NULL, '2018-10-29 07:19:58', '2018-10-29 07:19:58', NULL, '2018-10-29 07:19:58', '2018-10-29 07:19:58'),
('890', '2', 'Bread - Pita', NULL, NULL, '2018-10-29 07:19:58', '2018-10-29 07:19:58', NULL, '2018-10-29 07:19:58', '2018-10-29 07:19:58'),
('891', '4', 'Fib N9 - Prague Powder', NULL, NULL, '2018-10-29 07:19:58', '2018-10-29 07:19:58', NULL, '2018-10-29 07:19:58', '2018-10-29 07:19:58'),
('892', '4', 'Veal - Tenderloin, Untrimmed', NULL, NULL, '2018-10-29 07:19:58', '2018-10-29 07:19:58', NULL, '2018-10-29 07:19:58', '2018-10-29 07:19:58'),
('893', '1', 'Oil - Peanut', NULL, NULL, '2018-10-29 07:19:58', '2018-10-29 07:19:58', NULL, '2018-10-29 07:19:58', '2018-10-29 07:19:58'),
('894', '1', 'Fennel', NULL, NULL, '2018-10-29 07:19:58', '2018-10-29 07:19:58', NULL, '2018-10-29 07:19:58', '2018-10-29 07:19:58'),
('895', '5', 'Pork - Loin, Center Cut', NULL, NULL, '2018-10-29 07:19:58', '2018-10-29 07:19:58', NULL, '2018-10-29 07:19:58', '2018-10-29 07:19:58'),
('896', '3', 'Muffin Mix - Blueberry', NULL, NULL, '2018-10-29 07:19:58', '2018-10-29 07:19:58', NULL, '2018-10-29 07:19:58', '2018-10-29 07:19:58'),
('897', '3', 'Island Oasis - Sweet And Sour Mix', NULL, NULL, '2018-10-29 07:19:58', '2018-10-29 07:19:58', NULL, '2018-10-29 07:19:58', '2018-10-29 07:19:58'),
('898', '2', 'Onions - Spanish', NULL, NULL, '2018-10-29 07:19:58', '2018-10-29 07:19:58', NULL, '2018-10-29 07:19:58', '2018-10-29 07:19:58'),
('899', '5', 'Venison - Ground', NULL, NULL, '2018-10-29 07:19:58', '2018-10-29 07:19:58', NULL, '2018-10-29 07:19:58', '2018-10-29 07:19:58'),
('9', '5', 'Versatainer Nc - 8288', NULL, NULL, '2018-10-29 07:19:58', '2018-10-29 07:19:58', NULL, '2018-10-29 07:19:58', '2018-10-29 07:19:58'),
('90', '3', 'Wine - Prosecco Valdobiaddene', NULL, NULL, '2018-10-29 07:19:58', '2018-10-29 07:19:58', NULL, '2018-10-29 07:19:58', '2018-10-29 07:19:58'),
('900', '2', 'Jameson Irish Whiskey', NULL, NULL, '2018-10-29 07:19:58', '2018-10-29 07:19:58', NULL, '2018-10-29 07:19:58', '2018-10-29 07:19:58'),
('901', '5', 'Tea - Darjeeling, Azzura', NULL, NULL, '2018-10-29 07:19:58', '2018-10-29 07:19:58', NULL, '2018-10-29 07:19:58', '2018-10-29 07:19:58'),
('902', '4', 'Container Clear 8 Oz', NULL, NULL, '2018-10-29 07:19:58', '2018-10-29 07:19:58', NULL, '2018-10-29 07:19:58', '2018-10-29 07:19:58'),
('903', '1', 'Yoplait Drink', NULL, NULL, '2018-10-29 07:19:58', '2018-10-29 07:19:58', NULL, '2018-10-29 07:19:58', '2018-10-29 07:19:58'),
('904', '3', 'Container - Clear 16 Oz', NULL, NULL, '2018-10-29 07:19:58', '2018-10-29 07:19:58', NULL, '2018-10-29 07:19:58', '2018-10-29 07:19:58'),
('905', '1', 'Onions - Dried, Chopped', NULL, NULL, '2018-10-29 07:19:58', '2018-10-29 07:19:58', NULL, '2018-10-29 07:19:58', '2018-10-29 07:19:58'),
('906', '3', 'Wine - Marlbourough Sauv Blanc', NULL, NULL, '2018-10-29 07:19:58', '2018-10-29 07:19:58', NULL, '2018-10-29 07:19:58', '2018-10-29 07:19:58'),
('907', '1', 'Tofu - Soft', NULL, NULL, '2018-10-29 07:19:58', '2018-10-29 07:19:58', NULL, '2018-10-29 07:19:58', '2018-10-29 07:19:58'),
('908', '3', 'Langers - Mango Nectar', NULL, NULL, '2018-10-29 07:19:58', '2018-10-29 07:19:58', NULL, '2018-10-29 07:19:58', '2018-10-29 07:19:58'),
('909', '2', 'Pastry - Baked Cinnamon Stick', NULL, NULL, '2018-10-29 07:19:58', '2018-10-29 07:19:58', NULL, '2018-10-29 07:19:58', '2018-10-29 07:19:58'),
('91', '2', 'Shrimp - 150 - 250', NULL, NULL, '2018-10-29 07:19:58', '2018-10-29 07:19:58', NULL, '2018-10-29 07:19:58', '2018-10-29 07:19:58'),
('910', '3', 'Rum - Cream, Amarula', NULL, NULL, '2018-10-29 07:19:58', '2018-10-29 07:19:58', NULL, '2018-10-29 07:19:58', '2018-10-29 07:19:58'),
('911', '5', 'Vector Energy Bar', NULL, NULL, '2018-10-29 07:19:58', '2018-10-29 07:19:58', NULL, '2018-10-29 07:19:58', '2018-10-29 07:19:58'),
('912', '4', 'Chocolate - Semi Sweet, Calets', NULL, NULL, '2018-10-29 07:19:58', '2018-10-29 07:19:58', NULL, '2018-10-29 07:19:58', '2018-10-29 07:19:58'),
('913', '1', 'Lighter - Bbq', NULL, NULL, '2018-10-29 07:19:58', '2018-10-29 07:19:58', NULL, '2018-10-29 07:19:58', '2018-10-29 07:19:58'),
('914', '2', 'Muffin Mix - Lemon Cranberry', NULL, NULL, '2018-10-29 07:19:58', '2018-10-29 07:19:58', NULL, '2018-10-29 07:19:58', '2018-10-29 07:19:58'),
('915', '5', 'Turkey - Breast, Smoked', NULL, NULL, '2018-10-29 07:19:58', '2018-10-29 07:19:58', NULL, '2018-10-29 07:19:58', '2018-10-29 07:19:58'),
('916', '3', 'Rice - Jasmine Sented', NULL, NULL, '2018-10-29 07:19:58', '2018-10-29 07:19:58', NULL, '2018-10-29 07:19:58', '2018-10-29 07:19:58'),
('917', '2', 'Wine - Gewurztraminer Pierre', NULL, NULL, '2018-10-29 07:19:58', '2018-10-29 07:19:58', NULL, '2018-10-29 07:19:58', '2018-10-29 07:19:58'),
('918', '5', 'Shrimp - Black Tiger 13/15', NULL, NULL, '2018-10-29 07:19:58', '2018-10-29 07:19:58', NULL, '2018-10-29 07:19:58', '2018-10-29 07:19:58'),
('919', '1', 'Onions Granulated', NULL, NULL, '2018-10-29 07:19:58', '2018-10-29 07:19:58', NULL, '2018-10-29 07:19:58', '2018-10-29 07:19:58'),
('92', '5', 'Chocolate Bar - Coffee Crisp', NULL, NULL, '2018-10-29 07:19:58', '2018-10-29 07:19:58', NULL, '2018-10-29 07:19:58', '2018-10-29 07:19:58'),
('920', '3', 'Milk - 1%', NULL, NULL, '2018-10-29 07:19:58', '2018-10-29 07:19:58', NULL, '2018-10-29 07:19:58', '2018-10-29 07:19:58'),
('921', '3', 'Oil - Truffle, White', NULL, NULL, '2018-10-29 07:19:58', '2018-10-29 07:19:58', NULL, '2018-10-29 07:19:58', '2018-10-29 07:19:58'),
('922', '1', 'Shrimp, Dried, Small / Lb', NULL, NULL, '2018-10-29 07:19:58', '2018-10-29 07:19:58', NULL, '2018-10-29 07:19:58', '2018-10-29 07:19:58'),
('923', '1', 'Soup - Campbellschix Stew', NULL, NULL, '2018-10-29 07:19:58', '2018-10-29 07:19:58', NULL, '2018-10-29 07:19:58', '2018-10-29 07:19:58'),
('924', '3', 'Pate - Liver', NULL, NULL, '2018-10-29 07:19:58', '2018-10-29 07:19:58', NULL, '2018-10-29 07:19:58', '2018-10-29 07:19:58'),
('925', '3', 'Ecolab - Medallion', NULL, NULL, '2018-10-29 07:19:58', '2018-10-29 07:19:58', NULL, '2018-10-29 07:19:58', '2018-10-29 07:19:58'),
('926', '3', 'Quinoa', NULL, NULL, '2018-10-29 07:19:58', '2018-10-29 07:19:58', NULL, '2018-10-29 07:19:58', '2018-10-29 07:19:58'),
('927', '4', 'Mayonnaise - Individual Pkg', NULL, NULL, '2018-10-29 07:19:58', '2018-10-29 07:19:58', NULL, '2018-10-29 07:19:58', '2018-10-29 07:19:58'),
('928', '2', 'Vinegar - Champagne', NULL, NULL, '2018-10-29 07:19:58', '2018-10-29 07:19:58', NULL, '2018-10-29 07:19:58', '2018-10-29 07:19:58'),
('929', '3', 'Duck - Legs', NULL, NULL, '2018-10-29 07:19:58', '2018-10-29 07:19:58', NULL, '2018-10-29 07:19:58', '2018-10-29 07:19:58'),
('93', '3', 'Pomello', NULL, NULL, '2018-10-29 07:19:58', '2018-10-29 07:19:58', NULL, '2018-10-29 07:19:58', '2018-10-29 07:19:58'),
('930', '5', 'Butter - Salted, Micro', NULL, NULL, '2018-10-29 07:19:58', '2018-10-29 07:19:58', NULL, '2018-10-29 07:19:58', '2018-10-29 07:19:58'),
('931', '2', 'Strawberries', NULL, NULL, '2018-10-29 07:19:58', '2018-10-29 07:19:58', NULL, '2018-10-29 07:19:58', '2018-10-29 07:19:58'),
('932', '4', 'Smoked Tongue', NULL, NULL, '2018-10-29 07:19:58', '2018-10-29 07:19:58', NULL, '2018-10-29 07:19:58', '2018-10-29 07:19:58'),
('933', '1', 'Wine - Soave Folonari', NULL, NULL, '2018-10-29 07:19:58', '2018-10-29 07:19:58', NULL, '2018-10-29 07:19:58', '2018-10-29 07:19:58'),
('934', '4', 'Wine - Alsace Gewurztraminer', NULL, NULL, '2018-10-29 07:19:58', '2018-10-29 07:19:58', NULL, '2018-10-29 07:19:58', '2018-10-29 07:19:58'),
('935', '1', 'Shortbread - Cookie Crumbs', NULL, NULL, '2018-10-29 07:19:58', '2018-10-29 07:19:58', NULL, '2018-10-29 07:19:58', '2018-10-29 07:19:58'),
('936', '5', 'Chinese Foods - Chicken', NULL, NULL, '2018-10-29 07:19:58', '2018-10-29 07:19:58', NULL, '2018-10-29 07:19:58', '2018-10-29 07:19:58'),
('937', '1', 'Crush - Orange, 355ml', NULL, NULL, '2018-10-29 07:19:58', '2018-10-29 07:19:58', NULL, '2018-10-29 07:19:58', '2018-10-29 07:19:58'),
('938', '1', 'Pepper - Black, Crushed', NULL, NULL, '2018-10-29 07:19:58', '2018-10-29 07:19:58', NULL, '2018-10-29 07:19:58', '2018-10-29 07:19:58'),
('939', '5', 'Soup - Cream Of Broccoli, Dry', NULL, NULL, '2018-10-29 07:19:58', '2018-10-29 07:19:58', NULL, '2018-10-29 07:19:58', '2018-10-29 07:19:58'),
('94', '1', 'Bread - Roll, Canadian Dinner', NULL, NULL, '2018-10-29 07:19:58', '2018-10-29 07:19:58', NULL, '2018-10-29 07:19:58', '2018-10-29 07:19:58'),
('940', '3', 'Coffee - Decaffeinato Coffee', NULL, NULL, '2018-10-29 07:19:58', '2018-10-29 07:19:58', NULL, '2018-10-29 07:19:58', '2018-10-29 07:19:58'),
('941', '1', 'Napkin Colour', NULL, NULL, '2018-10-29 07:19:58', '2018-10-29 07:19:58', NULL, '2018-10-29 07:19:58', '2018-10-29 07:19:58'),
('942', '5', 'Onions Granulated', NULL, NULL, '2018-10-29 07:19:58', '2018-10-29 07:19:58', NULL, '2018-10-29 07:19:58', '2018-10-29 07:19:58'),
('943', '3', 'Rice Wine - Aji Mirin', NULL, NULL, '2018-10-29 07:19:58', '2018-10-29 07:19:58', NULL, '2018-10-29 07:19:58', '2018-10-29 07:19:58'),
('944', '5', 'Bread - Malt', NULL, NULL, '2018-10-29 07:19:58', '2018-10-29 07:19:58', NULL, '2018-10-29 07:19:58', '2018-10-29 07:19:58'),
('945', '2', 'Puree - Pear', NULL, NULL, '2018-10-29 07:19:58', '2018-10-29 07:19:58', NULL, '2018-10-29 07:19:58', '2018-10-29 07:19:58'),
('946', '2', 'Mushroom - Enoki, Dry', NULL, NULL, '2018-10-29 07:19:58', '2018-10-29 07:19:58', NULL, '2018-10-29 07:19:58', '2018-10-29 07:19:58'),
('947', '4', 'Soup - Verve - Chipotle Chicken', NULL, NULL, '2018-10-29 07:19:58', '2018-10-29 07:19:58', NULL, '2018-10-29 07:19:58', '2018-10-29 07:19:58'),
('948', '1', 'Lobster - Tail, 3 - 4 Oz', NULL, NULL, '2018-10-29 07:19:58', '2018-10-29 07:19:58', NULL, '2018-10-29 07:19:58', '2018-10-29 07:19:58'),
('949', '2', 'Parsley Italian - Fresh', NULL, NULL, '2018-10-29 07:19:58', '2018-10-29 07:19:58', NULL, '2018-10-29 07:19:58', '2018-10-29 07:19:58'),
('95', '3', 'Cheese - St. Paulin', NULL, NULL, '2018-10-29 07:19:58', '2018-10-29 07:19:58', NULL, '2018-10-29 07:19:58', '2018-10-29 07:19:58'),
('950', '4', 'Pork - Smoked Back Bacon', NULL, NULL, '2018-10-29 07:19:58', '2018-10-29 07:19:58', NULL, '2018-10-29 07:19:58', '2018-10-29 07:19:58'),
('951', '1', 'Fireball Whisky', NULL, NULL, '2018-10-29 07:19:58', '2018-10-29 07:19:58', NULL, '2018-10-29 07:19:58', '2018-10-29 07:19:58'),
('952', '1', 'Lentils - Green Le Puy', NULL, NULL, '2018-10-29 07:19:58', '2018-10-29 07:19:58', NULL, '2018-10-29 07:19:58', '2018-10-29 07:19:58'),
('953', '3', 'Gelatine Leaves - Bulk', NULL, NULL, '2018-10-29 07:19:58', '2018-10-29 07:19:58', NULL, '2018-10-29 07:19:58', '2018-10-29 07:19:58'),
('954', '5', 'Bread - Pumpernickle, Rounds', NULL, NULL, '2018-10-29 07:19:58', '2018-10-29 07:19:58', NULL, '2018-10-29 07:19:58', '2018-10-29 07:19:58'),
('955', '4', 'Steel Wool', NULL, NULL, '2018-10-29 07:19:58', '2018-10-29 07:19:58', NULL, '2018-10-29 07:19:58', '2018-10-29 07:19:58'),
('956', '5', 'Spinach - Spinach Leaf', NULL, NULL, '2018-10-29 07:19:58', '2018-10-29 07:19:58', NULL, '2018-10-29 07:19:58', '2018-10-29 07:19:58'),
('957', '5', 'The Pop Shoppe Pinapple', NULL, NULL, '2018-10-29 07:19:58', '2018-10-29 07:19:58', NULL, '2018-10-29 07:19:58', '2018-10-29 07:19:58'),
('958', '1', 'Bread - Flat Bread', NULL, NULL, '2018-10-29 07:19:58', '2018-10-29 07:19:58', NULL, '2018-10-29 07:19:58', '2018-10-29 07:19:58'),
('959', '4', 'Paper - Brown Paper Mini Cups', NULL, NULL, '2018-10-29 07:19:58', '2018-10-29 07:19:58', NULL, '2018-10-29 07:19:58', '2018-10-29 07:19:58'),
('96', '5', 'Wine - Magnotta - Cab Franc', NULL, NULL, '2018-10-29 07:19:58', '2018-10-29 07:19:58', NULL, '2018-10-29 07:19:58', '2018-10-29 07:19:58'),
('960', '4', 'Puree - Pear', NULL, NULL, '2018-10-29 07:19:58', '2018-10-29 07:19:58', NULL, '2018-10-29 07:19:58', '2018-10-29 07:19:58'),
('961', '3', 'Flour - Bran, Red', NULL, NULL, '2018-10-29 07:19:58', '2018-10-29 07:19:58', NULL, '2018-10-29 07:19:58', '2018-10-29 07:19:58'),
('962', '5', 'Buffalo - Tenderloin', NULL, NULL, '2018-10-29 07:19:58', '2018-10-29 07:19:58', NULL, '2018-10-29 07:19:58', '2018-10-29 07:19:58'),
('963', '4', 'Petit Baguette', NULL, NULL, '2018-10-29 07:19:58', '2018-10-29 07:19:58', NULL, '2018-10-29 07:19:58', '2018-10-29 07:19:58'),
('964', '1', 'Soap - Hand Soap', NULL, NULL, '2018-10-29 07:19:58', '2018-10-29 07:19:58', NULL, '2018-10-29 07:19:58', '2018-10-29 07:19:58'),
('965', '3', 'Wine - Magnotta, Merlot Sr Vqa', NULL, NULL, '2018-10-29 07:19:58', '2018-10-29 07:19:58', NULL, '2018-10-29 07:19:58', '2018-10-29 07:19:58'),
('966', '4', 'Pork - Liver', NULL, NULL, '2018-10-29 07:19:58', '2018-10-29 07:19:58', NULL, '2018-10-29 07:19:58', '2018-10-29 07:19:58'),
('967', '3', 'Cake - Dulce De Leche', NULL, NULL, '2018-10-29 07:19:58', '2018-10-29 07:19:58', NULL, '2018-10-29 07:19:58', '2018-10-29 07:19:58'),
('968', '2', 'Cake - Dulce De Leche', NULL, NULL, '2018-10-29 07:19:58', '2018-10-29 07:19:58', NULL, '2018-10-29 07:19:58', '2018-10-29 07:19:58'),
('969', '5', 'Crab - Claws, Snow 16 - 24', NULL, NULL, '2018-10-29 07:19:58', '2018-10-29 07:19:58', NULL, '2018-10-29 07:19:58', '2018-10-29 07:19:58'),
('97', '5', 'Vermouth - Sweet, Cinzano', NULL, NULL, '2018-10-29 07:19:58', '2018-10-29 07:19:58', NULL, '2018-10-29 07:19:58', '2018-10-29 07:19:58'),
('970', '2', 'Flower - Dish Garden', NULL, NULL, '2018-10-29 07:19:58', '2018-10-29 07:19:58', NULL, '2018-10-29 07:19:58', '2018-10-29 07:19:58'),
('971', '5', 'Table Cloth 144x90 White', NULL, NULL, '2018-10-29 07:19:58', '2018-10-29 07:19:58', NULL, '2018-10-29 07:19:58', '2018-10-29 07:19:58'),
('972', '4', 'Water - San Pellegrino', NULL, NULL, '2018-10-29 07:19:58', '2018-10-29 07:19:58', NULL, '2018-10-29 07:19:58', '2018-10-29 07:19:58'),
('973', '3', 'Tuna - Loin', NULL, NULL, '2018-10-29 07:19:58', '2018-10-29 07:19:58', NULL, '2018-10-29 07:19:58', '2018-10-29 07:19:58'),
('974', '4', 'Chicken - Wieners', NULL, NULL, '2018-10-29 07:19:58', '2018-10-29 07:19:58', NULL, '2018-10-29 07:19:58', '2018-10-29 07:19:58'),
('975', '1', 'Vinegar - Sherry', NULL, NULL, '2018-10-29 07:19:58', '2018-10-29 07:19:58', NULL, '2018-10-29 07:19:58', '2018-10-29 07:19:58'),
('976', '5', 'Jolt Cola - Red Eye', NULL, NULL, '2018-10-29 07:19:58', '2018-10-29 07:19:58', NULL, '2018-10-29 07:19:58', '2018-10-29 07:19:58'),
('977', '4', 'Nut - Pumpkin Seeds', NULL, NULL, '2018-10-29 07:19:58', '2018-10-29 07:19:58', NULL, '2018-10-29 07:19:58', '2018-10-29 07:19:58'),
('978', '1', 'Apples - Sliced / Wedge', NULL, NULL, '2018-10-29 07:19:58', '2018-10-29 07:19:58', NULL, '2018-10-29 07:19:58', '2018-10-29 07:19:58'),
('979', '4', 'Filter - Coffee', NULL, NULL, '2018-10-29 07:19:58', '2018-10-29 07:19:58', NULL, '2018-10-29 07:19:58', '2018-10-29 07:19:58'),
('98', '2', 'Vermacelli - Sprinkles, Assorted', NULL, NULL, '2018-10-29 07:19:58', '2018-10-29 07:19:58', NULL, '2018-10-29 07:19:58', '2018-10-29 07:19:58'),
('980', '3', 'Salmon Steak - Cohoe 6 Oz', NULL, NULL, '2018-10-29 07:19:58', '2018-10-29 07:19:58', NULL, '2018-10-29 07:19:58', '2018-10-29 07:19:58'),
('981', '3', 'Garbage Bag - Clear', NULL, NULL, '2018-10-29 07:19:58', '2018-10-29 07:19:58', NULL, '2018-10-29 07:19:58', '2018-10-29 07:19:58'),
('982', '1', 'Crackers - Melba Toast', NULL, NULL, '2018-10-29 07:19:58', '2018-10-29 07:19:58', NULL, '2018-10-29 07:19:58', '2018-10-29 07:19:58'),
('983', '5', 'Appetizer - Mango Chevre', NULL, NULL, '2018-10-29 07:19:58', '2018-10-29 07:19:58', NULL, '2018-10-29 07:19:58', '2018-10-29 07:19:58'),
('984', '5', 'Carbonated Water - White Grape', NULL, NULL, '2018-10-29 07:19:58', '2018-10-29 07:19:58', NULL, '2018-10-29 07:19:58', '2018-10-29 07:19:58'),
('985', '5', 'Soup Campbells - Tomato Bisque', NULL, NULL, '2018-10-29 07:19:58', '2018-10-29 07:19:58', NULL, '2018-10-29 07:19:58', '2018-10-29 07:19:58'),
('986', '5', 'Bread - Olive', NULL, NULL, '2018-10-29 07:19:58', '2018-10-29 07:19:58', NULL, '2018-10-29 07:19:58', '2018-10-29 07:19:58'),
('987', '1', 'Veal - Eye Of Round', NULL, NULL, '2018-10-29 07:19:58', '2018-10-29 07:19:58', NULL, '2018-10-29 07:19:58', '2018-10-29 07:19:58'),
('988', '4', 'Taro Leaves', NULL, NULL, '2018-10-29 07:19:58', '2018-10-29 07:19:58', NULL, '2018-10-29 07:19:58', '2018-10-29 07:19:58'),
('989', '2', 'Beef - Top Sirloin', NULL, NULL, '2018-10-29 07:19:58', '2018-10-29 07:19:58', NULL, '2018-10-29 07:19:58', '2018-10-29 07:19:58'),
('99', '2', 'Anchovy Paste - 56 G Tube', NULL, NULL, '2018-10-29 07:19:58', '2018-10-29 07:19:58', NULL, '2018-10-29 07:19:58', '2018-10-29 07:19:58'),
('990', '1', 'Soy Protein', NULL, NULL, '2018-10-29 07:19:58', '2018-10-29 07:19:58', NULL, '2018-10-29 07:19:58', '2018-10-29 07:19:58'),
('991', '3', 'Food Colouring - Red', NULL, NULL, '2018-10-29 07:19:58', '2018-10-29 07:19:58', NULL, '2018-10-29 07:19:58', '2018-10-29 07:19:58'),
('992', '3', 'Pasta - Cheese / Spinach Bauletti', NULL, NULL, '2018-10-29 07:19:58', '2018-10-29 07:19:58', NULL, '2018-10-29 07:19:58', '2018-10-29 07:19:58'),
('993', '2', 'Walkers Special Old Whiskey', NULL, NULL, '2018-10-29 07:19:58', '2018-10-29 07:19:58', NULL, '2018-10-29 07:19:58', '2018-10-29 07:19:58'),
('994', '5', 'Lemonade - Island Tea, 591 Ml', NULL, NULL, '2018-10-29 07:19:58', '2018-10-29 07:19:58', NULL, '2018-10-29 07:19:58', '2018-10-29 07:19:58'),
('995', '3', 'Jolt Cola - Red Eye', NULL, NULL, '2018-10-29 07:19:58', '2018-10-29 07:19:58', NULL, '2018-10-29 07:19:58', '2018-10-29 07:19:58'),
('996', '1', 'Cookies - Oreo, 4 Pack', NULL, NULL, '2018-10-29 07:19:58', '2018-10-29 07:19:58', NULL, '2018-10-29 07:19:58', '2018-10-29 07:19:58'),
('997', '2', 'Eggplant Oriental', NULL, NULL, '2018-10-29 07:19:58', '2018-10-29 07:19:58', NULL, '2018-10-29 07:19:58', '2018-10-29 07:19:58'),
('998', '4', 'Pineapple - Regular', NULL, NULL, '2018-10-29 07:19:58', '2018-10-29 07:19:58', NULL, '2018-10-29 07:19:58', '2018-10-29 07:19:58'),
('999', '2', 'Lettuce - California Mix', NULL, NULL, '2018-10-29 07:19:58', '2018-10-29 07:19:58', NULL, '2018-10-29 07:19:58', '2018-10-29 07:19:58');

-- --------------------------------------------------------

--
-- Table structure for table `product_specs`
--

DROP TABLE IF EXISTS `product_specs`;
CREATE TABLE `product_specs` (
  `Specification_ID` varchar(5) NOT NULL,
  `name` longtext NOT NULL,
  `value` varchar(64) NOT NULL,
  `created_at` timestamp NOT NULL DEFAULT CURRENT_TIMESTAMP,
  `updated_at` timestamp NOT NULL DEFAULT CURRENT_TIMESTAMP
) ENGINE=InnoDB DEFAULT CHARSET=latin1;

--
-- Dumping data for table `product_specs`
--

INSERT INTO `product_specs` (`Specification_ID`, `name`, `value`, `created_at`, `updated_at`) VALUES
('1', 'width', '10 CM', '2018-10-26 17:32:21', '2018-10-26 17:32:21'),
('1', 'height', '18 CM', '2018-10-26 17:32:29', '2018-10-26 17:32:29');

-- --------------------------------------------------------

--
-- Table structure for table `shippers`
--

DROP TABLE IF EXISTS `shippers`;
CREATE TABLE `shippers` (
  `Shipper_ID` varchar(5) NOT NULL,
  `Company_name` varchar(100) NOT NULL,
  `Shipper_phone` varchar(20) NOT NULL,
  `Shipper_picture` varchar(100) NOT NULL,
  `created_at` timestamp NOT NULL DEFAULT CURRENT_TIMESTAMP,
  `updated_at` timestamp NOT NULL DEFAULT CURRENT_TIMESTAMP
) ENGINE=InnoDB DEFAULT CHARSET=latin1;

--
-- Dumping data for table `shippers`
--

INSERT INTO `shippers` (`Shipper_ID`, `Company_name`, `Shipper_phone`, `Shipper_picture`, `created_at`, `updated_at`) VALUES
('1', 'shipper1', '87230923', '', '2018-10-29 07:09:10', '2018-10-29 07:09:10');

-- --------------------------------------------------------

--
-- Table structure for table `transaction`
--

DROP TABLE IF EXISTS `transaction`;
CREATE TABLE `transaction` (
  `Transaction_ID` varchar(5) NOT NULL,
  `Shipper_ID` varchar(5) NOT NULL,
  `Customer_ID` varchar(12) NOT NULL,
  `Total` decimal(10,0) DEFAULT NULL,
  `Transaction_date` timestamp NOT NULL DEFAULT CURRENT_TIMESTAMP ON UPDATE CURRENT_TIMESTAMP,
  `Receiver_name` varchar(55) DEFAULT NULL,
  `Receiver_address` varchar(200) DEFAULT NULL,
  `Payment_type` varchar(50) DEFAULT NULL,
  `Shipping_type` varchar(20) DEFAULT NULL,
  `Trans_description` longtext,
  `Shipping_description` longtext,
  `Trans_zipcode` decimal(10,0) DEFAULT NULL,
  `Trans_city` varchar(50) DEFAULT NULL
) ENGINE=InnoDB DEFAULT CHARSET=latin1;

-- --------------------------------------------------------

--
-- Table structure for table `users`
--

DROP TABLE IF EXISTS `users`;
CREATE TABLE `users` (
  `id` int(10) NOT NULL,
  `username` varchar(32) NOT NULL,
  `first_name` varchar(64) DEFAULT NULL,
  `last_name` varchar(64) DEFAULT NULL,
  `address` varchar(255) NOT NULL,
  `city` varchar(50) NOT NULL,
  `post_code` varchar(100) NOT NULL,
  `telp` varchar(24) NOT NULL,
  `gender` varchar(6) NOT NULL,
  `age` int(2) NOT NULL,
  `password` varchar(64) NOT NULL,
  `email` varchar(50) NOT NULL,
  `apikey` varchar(255) NOT NULL,
  `created_at` datetime NOT NULL DEFAULT CURRENT_TIMESTAMP,
  `updated_at` datetime NOT NULL DEFAULT CURRENT_TIMESTAMP
) ENGINE=InnoDB DEFAULT CHARSET=latin1;

--
-- Dumping data for table `users`
--

INSERT INTO `users` (`id`, `username`, `first_name`, `last_name`, `address`, `city`, `post_code`, `telp`, `gender`, `age`, `password`, `email`, `apikey`, `created_at`, `updated_at`) VALUES
(1, 'peter', 'buyar', 'setiokusumo', 'a', 'bweowke', '6000', '8707824', 'female', 50, 'terserah', 'peter@example.com', 'd0763edaa9d9bd2a9516280e9044d885', '2018-10-17 20:30:56', '2018-10-17 17:21:47'),
(2, 'marcia', '', '', '', '', '', '', '', 0, '4d6b96d1e8f9bfcd28169bafe2e17da6e1a95f71e8ca6196d3affb4f95ca809f', 'marcia@example.com', 'd0763edaa9d9bd2a9516280e9044d885', '2018-10-17 20:30:56', '2018-10-17 20:31:18'),
(3, 'cindy', '', '', '', '', '', '', '', 0, '81ba24935dd9a720826155382938610f1b74ba226e85a7b4ca2ad58cf06664fa', 'cindy@example.com', 'd0763edaa9d9bd2a9516280e9044d885', '2018-10-17 20:30:56', '2018-10-17 20:31:18'),
(4, 'mike', '', '', '', '', '', '', '', 0, 'ef1b839067281c41a6abdf36ff2346700f9cd5f17d8d4e486be9e81c67779258', 'mike@example.com', 'd0763edaa9d9bd2a9516280e9044d885', '2018-10-17 20:30:56', '2018-10-17 20:31:18');

-- --------------------------------------------------------

--
-- Table structure for table `variant`
--

DROP TABLE IF EXISTS `variant`;
CREATE TABLE `variant` (
  `Product_ID` varchar(5) NOT NULL,
  `Specification_ID` varchar(5) NOT NULL,
  `Specification_name` varchar(10) NOT NULL,
  `Specification_price` decimal(10,0) NOT NULL,
  `created_at` timestamp NOT NULL DEFAULT CURRENT_TIMESTAMP,
  `updated_at` timestamp NOT NULL DEFAULT CURRENT_TIMESTAMP
) ENGINE=InnoDB DEFAULT CHARSET=latin1;

--
-- Dumping data for table `variant`
--

INSERT INTO `variant` (`Product_ID`, `Specification_ID`, `Specification_name`, `Specification_price`, `created_at`, `updated_at`) VALUES
('1', '1', 'LARGE', '20000', '2018-10-26 17:05:45', '2018-10-26 17:05:45'),
('1', '2', 'MEDIUM', '10000', '2018-10-26 17:05:45', '2018-10-26 17:05:45'),
('1', '2', 'SMALL', '1000', '2018-10-26 17:05:45', '2018-10-26 17:05:45');

-- --------------------------------------------------------

--
-- Table structure for table `wishlist`
--

DROP TABLE IF EXISTS `wishlist`;
CREATE TABLE `wishlist` (
  `Product_ID` varchar(5) NOT NULL,
  `User_ID` int(11) NOT NULL,
  `created_at` timestamp NOT NULL DEFAULT CURRENT_TIMESTAMP,
  `updated_at` timestamp NOT NULL DEFAULT CURRENT_TIMESTAMP
) ENGINE=InnoDB DEFAULT CHARSET=latin1;

--
-- Dumping data for table `wishlist`
--

INSERT INTO `wishlist` (`Product_ID`, `User_ID`, `created_at`, `updated_at`) VALUES
('1', 1, '2018-10-29 06:47:16', '2018-10-29 06:47:16');

--
-- Indexes for dumped tables
--

--
-- Indexes for table `categories`
--
ALTER TABLE `categories`
  ADD PRIMARY KEY (`category_id`);

--
-- Indexes for table `detail_transaction`
--
ALTER TABLE `detail_transaction`
  ADD PRIMARY KEY (`Dtransaction_ID`);

--
-- Indexes for table `image`
--
ALTER TABLE `image`
  ADD PRIMARY KEY (`Image_ID`);

--
-- Indexes for table `messages`
--
ALTER TABLE `messages`
  ADD PRIMARY KEY (`id`),
  ADD KEY `user_id` (`user_id`);

--
-- Indexes for table `products`
--
ALTER TABLE `products`
  ADD PRIMARY KEY (`Product_ID`);

--
-- Indexes for table `shippers`
--
ALTER TABLE `shippers`
  ADD PRIMARY KEY (`Shipper_ID`);

--
-- Indexes for table `transaction`
--
ALTER TABLE `transaction`
  ADD PRIMARY KEY (`Transaction_ID`);

--
-- Indexes for table `users`
--
ALTER TABLE `users`
  ADD PRIMARY KEY (`id`);

--
-- Indexes for table `variant`
--
ALTER TABLE `variant`
  ADD KEY `FK_1` (`Product_ID`) USING BTREE;

--
-- Indexes for table `wishlist`
--
ALTER TABLE `wishlist`
  ADD PRIMARY KEY (`Product_ID`),
  ADD KEY `FK_USERID` (`User_ID`);

--
-- AUTO_INCREMENT for dumped tables
--

--
-- AUTO_INCREMENT for table `categories`
--
ALTER TABLE `categories`
  MODIFY `category_id` int(11) NOT NULL AUTO_INCREMENT, AUTO_INCREMENT=7;

--
-- AUTO_INCREMENT for table `messages`
--
ALTER TABLE `messages`
  MODIFY `id` int(10) NOT NULL AUTO_INCREMENT, AUTO_INCREMENT=29;

--
-- AUTO_INCREMENT for table `users`
--
ALTER TABLE `users`
  MODIFY `id` int(10) NOT NULL AUTO_INCREMENT, AUTO_INCREMENT=5;

--
-- Constraints for dumped tables
--

--
-- Constraints for table `wishlist`
--
ALTER TABLE `wishlist`
  ADD CONSTRAINT `FK_USERID` FOREIGN KEY (`User_ID`) REFERENCES `users` (`id`);
COMMIT;

/*!40101 SET CHARACTER_SET_CLIENT=@OLD_CHARACTER_SET_CLIENT */;
/*!40101 SET CHARACTER_SET_RESULTS=@OLD_CHARACTER_SET_RESULTS */;
/*!40101 SET COLLATION_CONNECTION=@OLD_COLLATION_CONNECTION */;
